2026-03-13 11:09:54,711 - ingest.ingest_worker - INFO - ============================================================
2026-03-13 11:09:54,711 - ingest.ingest_worker - INFO - TEAM-GRADE Ingestion Worker Started
2026-03-13 11:09:54,711 - ingest.ingest_worker - INFO - Log file: logs\ingest.log
2026-03-13 11:09:54,711 - ingest.ingest_worker - INFO - ============================================================
2026-03-13 11:09:54,711 - ingest.youtube_downloader - INFO - Initialized downloader with output dir: raw_videos
2026-03-13 11:09:55,402 - ingest.firestore_client - INFO - Initializing Firestore client for project: the-bridge-athletics1
2026-03-13 11:10:07,545 - ingest.firestore_client - ERROR - Failed to initialize Firestore: Your default credentials were not found. To set up Application Default Credentials, see https://cloud.google.com/docs/authentication/external/set-up-adc for more information.
2026-03-13 11:10:07,546 - ingest.ingest_worker - ERROR - Failed to initialize Firestore: Firestore initialization failed: Your default credentials were not found. To set up Application Default Credentials, see https://cloud.google.com/docs/authentication/external/set-up-adc for more information.
2026-03-13 11:10:07,551 - ingest.firestore_client - INFO - Initializing Firestore client for project: the-bridge-athletics1
2026-03-13 11:10:09,104 - ingest.ingest_worker - INFO - ============================================================
2026-03-13 11:10:09,104 - ingest.ingest_worker - INFO - TEAM-GRADE Ingestion Worker Started
2026-03-13 11:10:09,104 - ingest.ingest_worker - INFO - Log file: logs\ingest.log
2026-03-13 11:10:09,104 - ingest.ingest_worker - INFO - ============================================================
2026-03-13 11:10:09,104 - ingest.youtube_downloader - INFO - Initialized downloader with output dir: raw_videos
2026-03-13 11:10:09,608 - ingest.firestore_client - INFO - Initializing Firestore client for project: the-bridge-athletics1
2026-03-13 11:10:21,399 - ingest.firestore_client - ERROR - Failed to initialize Firestore: Your default credentials were not found. To set up Application Default Credentials, see https://cloud.google.com/docs/authentication/external/set-up-adc for more information.
2026-03-13 11:10:21,399 - ingest.ingest_worker - ERROR - Failed to initialize Firestore: Firestore initialization failed: Your default credentials were not found. To set up Application Default Credentials, see https://cloud.google.com/docs/authentication/external/set-up-adc for more information.
2026-03-13 11:10:21,407 - ingest.firestore_client - INFO - Initializing Firestore client for project: the-bridge-athletics1
2026-03-13 11:10:33,502 - ingest.firestore_client - ERROR - Failed to initialize Firestore: Your default credentials were not found. To set up Application Default Credentials, see https://cloud.google.com/docs/authentication/external/set-up-adc for more information.
2026-03-13 12:12:18,808 - ingest.ingest_worker - INFO - ============================================================
2026-03-13 12:12:18,809 - ingest.ingest_worker - INFO - TEAM-GRADE Ingestion Worker Started
2026-03-13 12:12:18,810 - ingest.ingest_worker - INFO - Log file: logs\ingest.log
2026-03-13 12:12:18,810 - ingest.ingest_worker - INFO - ============================================================
2026-03-13 12:12:18,811 - ingest.youtube_downloader - INFO - Initialized downloader with output dir: raw_videos
2026-03-13 12:12:26,997 - ingest.firestore_client - INFO - Initializing Firestore client for project: the-bridge-athletics1
2026-03-13 12:12:39,146 - ingest.firestore_client - ERROR - Failed to initialize Firestore: Your default credentials were not found. To set up Application Default Credentials, see https://cloud.google.com/docs/authentication/external/set-up-adc for more information.
2026-03-13 12:12:39,147 - ingest.ingest_worker - ERROR - Failed to initialize Firestore: Firestore initialization failed: Your default credentials were not found. To set up Application Default Credentials, see https://cloud.google.com/docs/authentication/external/set-up-adc for more information.
2026-03-13 12:12:39,153 - ingest.firestore_client - INFO - Initializing Firestore client for project: the-bridge-athletics1
2026-03-13 12:12:51,022 - ingest.firestore_client - ERROR - Failed to initialize Firestore: Your default credentials were not found. To set up Application Default Credentials, see https://cloud.google.com/docs/authentication/external/set-up-adc for more information.
2026-03-13 12:12:51,050 - __main__ - INFO - Running in limited mode - some endpoints may be unavailable
2026-03-13 12:12:51,231 - __main__ - INFO - Starting FastAPI server on http://0.0.0.0:8000
2026-03-13 12:12:51,231 - __main__ - INFO - API documentation available at http://0.0.0.0:8000/docs
2026-03-13 12:12:51,232 - __main__ - INFO - UI available at http://0.0.0.0:8000/ui/
2026-03-13 12:12:51,291 - __main__ - INFO - ======================================================================
2026-03-13 12:12:51,291 - __main__ - INFO - TEAM-GRADE INGESTION API - STARTING
2026-03-13 12:12:51,292 - __main__ - INFO - ======================================================================
2026-03-13 12:13:15,091 - __main__ - INFO - GET /health
2026-03-13 12:13:24,993 - __main__ - INFO - POST /ingest - URL: https://www.youtube.com/watch?v=4KDE7NMshvI
2026-03-13 12:13:24,996 - __main__ - INFO - Extracted video_id: 4KDE7NMshvI
2026-03-13 12:13:24,997 - __main__ - INFO - Starting ingestion for video_id: 4KDE7NMshvI
2026-03-13 12:13:24,997 - ingest.ingest_worker - INFO - 
============================================================
2026-03-13 12:13:24,998 - ingest.ingest_worker - INFO - Starting ingestion for: https://www.youtube.com/watch?v=4KDE7NMshvI
2026-03-13 12:13:24,999 - ingest.ingest_worker - INFO - ============================================================
2026-03-13 12:13:24,999 - ingest.ingest_worker - INFO - Step 1/5: Extracting video ID...
2026-03-13 12:13:25,028 - ingest.ingest_worker - INFO - Step 2/5: Fetching metadata...
2026-03-13 12:13:25,457 - ingest.youtube_downloader - INFO - Fetching video info for: https://www.youtube.com/watch?v=4KDE7NMshvI
2026-03-13 12:13:29,665 - ingest.ingest_worker - INFO - Step 3/5: Parsing football metadata...
2026-03-13 12:13:29,666 - ingest.youtube_metadata - INFO - Parsing metadata for title: CFP National Championship: Miami Hurricanes vs. Indiana Hoosiers | Full Game Hig...
2026-03-13 12:13:29,670 - ingest.youtube_metadata - INFO - Parsed metadata: Teams=Miami Hurricanes vs Indiana Hoosiers, Year=None, Level=college
2026-03-13 12:13:29,670 - ingest.ingest_worker - INFO -   Teams: Miami Hurricanes vs Indiana Hoosiers
2026-03-13 12:13:29,671 - ingest.ingest_worker - INFO -   Year: None
2026-03-13 12:13:29,672 - ingest.ingest_worker - INFO -   Level: college
2026-03-13 12:13:29,673 - ingest.ingest_worker - INFO - Step 4/5: Downloading video...
2026-03-13 12:13:29,678 - ingest.youtube_downloader - INFO - Starting download from https://www.youtube.com/watch?v=4KDE7NMshvI
2026-03-13 12:13:29,679 - ingest.youtube_downloader - INFO - Output path: raw_videos\youtube_4KDE7NMshvI_20260313_121329.mp4
2026-03-13 12:13:29,680 - ingest.youtube_downloader - INFO - Download attempt 1/3
2026-03-13 12:13:32,604 - ingest.youtube_downloader - INFO - Downloading: 0.0% (0.1 MB/s)
2026-03-13 12:13:32,607 - ingest.youtube_downloader - INFO - Downloading: 0.0% (0.2 MB/s)
2026-03-13 12:13:32,612 - ingest.youtube_downloader - INFO - Downloading: 0.0% (0.4 MB/s)
2026-03-13 12:13:32,615 - ingest.youtube_downloader - INFO - Downloading: 0.0% (0.6 MB/s)
2026-03-13 12:13:32,618 - ingest.youtube_downloader - INFO - Downloading: 0.0% (1.1 MB/s)
2026-03-13 12:13:32,620 - ingest.youtube_downloader - INFO - Downloading: 0.0% (2.1 MB/s)
2026-03-13 12:13:32,623 - ingest.youtube_downloader - INFO - Downloading: 0.1% (3.8 MB/s)
2026-03-13 12:13:32,655 - ingest.youtube_downloader - INFO - Downloading: 0.2% (3.9 MB/s)
2026-03-13 12:13:32,714 - ingest.youtube_downloader - INFO - Downloading: 0.3% (4.1 MB/s)
2026-03-13 12:13:32,838 - ingest.youtube_downloader - INFO - Downloading: 0.7% (4.0 MB/s)
2026-03-13 12:13:33,083 - ingest.youtube_downloader - INFO - Downloading: 1.3% (4.1 MB/s)
2026-03-13 12:13:33,458 - ingest.youtube_downloader - INFO - Downloading: 2.6% (4.6 MB/s)
2026-03-13 12:13:34,161 - ingest.youtube_downloader - INFO - Downloading: 5.3% (5.1 MB/s)
2026-03-13 12:13:34,428 - ingest.youtube_downloader - INFO - Downloading: 6.3% (5.2 MB/s)
2026-03-13 12:13:34,483 - ingest.youtube_downloader - INFO - Downloading: 6.3%
2026-03-13 12:13:34,485 - ingest.youtube_downloader - INFO - Downloading: 6.3% (1.0 MB/s)
2026-03-13 12:13:34,487 - ingest.youtube_downloader - INFO - Downloading: 6.3% (1.6 MB/s)
2026-03-13 12:13:34,489 - ingest.youtube_downloader - INFO - Downloading: 6.3% (2.1 MB/s)
2026-03-13 12:13:34,496 - ingest.youtube_downloader - INFO - Downloading: 6.3% (2.5 MB/s)
2026-03-13 12:13:34,503 - ingest.youtube_downloader - INFO - Downloading: 6.4% (3.1 MB/s)
2026-03-13 12:13:34,519 - ingest.youtube_downloader - INFO - Downloading: 6.4% (3.5 MB/s)
2026-03-13 12:13:34,544 - ingest.youtube_downloader - INFO - Downloading: 6.5% (4.1 MB/s)
2026-03-13 12:13:34,587 - ingest.youtube_downloader - INFO - Downloading: 6.6% (4.7 MB/s)
2026-03-13 12:13:34,676 - ingest.youtube_downloader - INFO - Downloading: 7.0% (5.2 MB/s)
2026-03-13 12:13:34,846 - ingest.youtube_downloader - INFO - Downloading: 7.6% (5.5 MB/s)
2026-03-13 12:13:35,177 - ingest.youtube_downloader - INFO - Downloading: 9.0% (5.8 MB/s)
2026-03-13 12:13:35,944 - ingest.youtube_downloader - INFO - Downloading: 11.6% (5.5 MB/s)
2026-03-13 12:13:36,295 - ingest.youtube_downloader - INFO - Downloading: 12.8% (5.4 MB/s)
2026-03-13 12:13:36,411 - ingest.youtube_downloader - INFO - Downloading: 12.8% (0.7 MB/s)
2026-03-13 12:13:36,413 - ingest.youtube_downloader - INFO - Downloading: 12.8% (0.8 MB/s)
2026-03-13 12:13:36,415 - ingest.youtube_downloader - INFO - Downloading: 12.8% (1.1 MB/s)
2026-03-13 12:13:36,417 - ingest.youtube_downloader - INFO - Downloading: 12.8% (1.8 MB/s)
2026-03-13 12:13:36,419 - ingest.youtube_downloader - INFO - Downloading: 12.8% (2.9 MB/s)
2026-03-13 12:13:36,424 - ingest.youtube_downloader - INFO - Downloading: 12.8% (4.2 MB/s)
2026-03-13 12:13:36,438 - ingest.youtube_downloader - INFO - Downloading: 12.8% (4.3 MB/s)
2026-03-13 12:13:36,463 - ingest.youtube_downloader - INFO - Downloading: 12.9% (4.8 MB/s)
2026-03-13 12:13:36,501 - ingest.youtube_downloader - INFO - Downloading: 13.1% (5.4 MB/s)
2026-03-13 12:13:36,600 - ingest.youtube_downloader - INFO - Downloading: 13.4% (5.2 MB/s)
2026-03-13 12:13:36,769 - ingest.youtube_downloader - INFO - Downloading: 14.1% (5.6 MB/s)
2026-03-13 12:13:37,131 - ingest.youtube_downloader - INFO - Downloading: 15.4% (5.5 MB/s)
2026-03-13 12:13:37,809 - ingest.youtube_downloader - INFO - Downloading: 18.1% (5.7 MB/s)
2026-03-13 12:13:38,163 - ingest.youtube_downloader - INFO - Downloading: 19.3% (5.7 MB/s)
2026-03-13 12:13:38,235 - ingest.youtube_downloader - INFO - Downloading: 19.3% (0.6 MB/s)
2026-03-13 12:13:38,237 - ingest.youtube_downloader - INFO - Downloading: 19.3% (0.8 MB/s)
2026-03-13 12:13:38,239 - ingest.youtube_downloader - INFO - Downloading: 19.3% (1.3 MB/s)
2026-03-13 12:13:38,241 - ingest.youtube_downloader - INFO - Downloading: 19.3% (2.0 MB/s)
2026-03-13 12:13:38,244 - ingest.youtube_downloader - INFO - Downloading: 19.4% (3.1 MB/s)
2026-03-13 12:13:38,253 - ingest.youtube_downloader - INFO - Downloading: 19.4% (3.3 MB/s)
2026-03-13 12:13:38,264 - ingest.youtube_downloader - INFO - Downloading: 19.4% (4.2 MB/s)
2026-03-13 12:13:38,293 - ingest.youtube_downloader - INFO - Downloading: 19.5% (4.3 MB/s)
2026-03-13 12:13:38,345 - ingest.youtube_downloader - INFO - Downloading: 19.7% (4.5 MB/s)
2026-03-13 12:13:38,432 - ingest.youtube_downloader - INFO - Downloading: 20.0% (5.0 MB/s)
2026-03-13 12:13:38,603 - ingest.youtube_downloader - INFO - Downloading: 20.7% (5.4 MB/s)
2026-03-13 12:13:38,945 - ingest.youtube_downloader - INFO - Downloading: 22.0% (5.6 MB/s)
2026-03-13 12:13:39,648 - ingest.youtube_downloader - INFO - Downloading: 24.6% (5.7 MB/s)
2026-03-13 12:13:39,913 - ingest.youtube_downloader - INFO - Downloading: 25.6% (5.7 MB/s)
2026-03-13 12:13:39,970 - ingest.youtube_downloader - INFO - Downloading: 25.6% (0.4 MB/s)
2026-03-13 12:13:39,971 - ingest.youtube_downloader - INFO - Downloading: 25.6% (0.6 MB/s)
2026-03-13 12:13:39,972 - ingest.youtube_downloader - INFO - Downloading: 25.6% (1.2 MB/s)
2026-03-13 12:13:39,972 - ingest.youtube_downloader - INFO - Downloading: 25.6% (2.2 MB/s)
2026-03-13 12:13:39,975 - ingest.youtube_downloader - INFO - Downloading: 25.6% (4.0 MB/s)
2026-03-13 12:13:40,015 - ingest.youtube_downloader - INFO - Downloading: 25.7% (1.3 MB/s)
2026-03-13 12:13:40,063 - ingest.youtube_downloader - INFO - Downloading: 25.7% (1.3 MB/s)
2026-03-13 12:13:40,177 - ingest.youtube_downloader - INFO - Downloading: 25.8% (1.2 MB/s)
2026-03-13 12:13:40,335 - ingest.youtube_downloader - INFO - Downloading: 25.9% (1.4 MB/s)
2026-03-13 12:13:40,546 - ingest.youtube_downloader - INFO - Downloading: 26.3% (1.7 MB/s)
2026-03-13 12:13:40,841 - ingest.youtube_downloader - INFO - Downloading: 26.9% (2.3 MB/s)
2026-03-13 12:13:41,438 - ingest.youtube_downloader - INFO - Downloading: 28.3% (2.7 MB/s)
2026-03-13 12:13:42,105 - ingest.youtube_downloader - INFO - Downloading: 30.5% (3.4 MB/s)
2026-03-13 12:13:42,695 - ingest.youtube_downloader - INFO - Downloading: 32.0% (3.5 MB/s)
2026-03-13 12:13:42,784 - ingest.youtube_downloader - INFO - Downloading: 32.0% (0.3 MB/s)
2026-03-13 12:13:42,786 - ingest.youtube_downloader - INFO - Downloading: 32.0% (0.6 MB/s)
2026-03-13 12:13:42,787 - ingest.youtube_downloader - INFO - Downloading: 32.0% (1.1 MB/s)
2026-03-13 12:13:42,788 - ingest.youtube_downloader - INFO - Downloading: 32.0% (2.0 MB/s)
2026-03-13 12:13:42,790 - ingest.youtube_downloader - INFO - Downloading: 32.0% (3.4 MB/s)
2026-03-13 12:13:42,793 - ingest.youtube_downloader - INFO - Downloading: 32.0% (5.8 MB/s)
2026-03-13 12:13:42,804 - ingest.youtube_downloader - INFO - Downloading: 32.0% (5.4 MB/s)
2026-03-13 12:13:42,840 - ingest.youtube_downloader - INFO - Downloading: 32.1% (4.3 MB/s)
2026-03-13 12:13:42,881 - ingest.youtube_downloader - INFO - Downloading: 32.3% (5.1 MB/s)
2026-03-13 12:13:43,002 - ingest.youtube_downloader - INFO - Downloading: 32.6% (4.5 MB/s)
2026-03-13 12:13:43,242 - ingest.youtube_downloader - INFO - Downloading: 33.3% (4.3 MB/s)
2026-03-13 12:13:43,660 - ingest.youtube_downloader - INFO - Downloading: 34.6% (4.6 MB/s)
2026-03-13 12:13:44,422 - ingest.youtube_downloader - INFO - Downloading: 37.2% (4.9 MB/s)
2026-03-13 12:13:44,730 - ingest.youtube_downloader - INFO - Downloading: 38.4% (5.0 MB/s)
2026-03-13 12:13:44,797 - ingest.youtube_downloader - INFO - Downloading: 38.4% (0.7 MB/s)
2026-03-13 12:13:44,799 - ingest.youtube_downloader - INFO - Downloading: 38.4% (0.7 MB/s)
2026-03-13 12:13:44,801 - ingest.youtube_downloader - INFO - Downloading: 38.4% (1.1 MB/s)
2026-03-13 12:13:44,803 - ingest.youtube_downloader - INFO - Downloading: 38.4% (1.7 MB/s)
2026-03-13 12:13:44,804 - ingest.youtube_downloader - INFO - Downloading: 38.4% (3.0 MB/s)
2026-03-13 12:13:44,807 - ingest.youtube_downloader - INFO - Downloading: 38.4% (4.9 MB/s)
2026-03-13 12:13:44,830 - ingest.youtube_downloader - INFO - Downloading: 38.5% (3.5 MB/s)
2026-03-13 12:13:44,851 - ingest.youtube_downloader - INFO - Downloading: 38.6% (4.4 MB/s)
2026-03-13 12:13:44,902 - ingest.youtube_downloader - INFO - Downloading: 38.7% (4.7 MB/s)
2026-03-13 12:13:44,993 - ingest.youtube_downloader - INFO - Downloading: 39.1% (5.0 MB/s)
2026-03-13 12:13:45,193 - ingest.youtube_downloader - INFO - Downloading: 39.7% (5.0 MB/s)
2026-03-13 12:13:45,557 - ingest.youtube_downloader - INFO - Downloading: 41.0% (5.2 MB/s)
2026-03-13 12:13:46,349 - ingest.youtube_downloader - INFO - Downloading: 43.7% (5.1 MB/s)
2026-03-13 12:13:46,636 - ingest.youtube_downloader - INFO - Downloading: 44.7% (5.2 MB/s)
2026-03-13 12:13:46,717 - ingest.youtube_downloader - INFO - Downloading: 44.7%
2026-03-13 12:13:46,719 - ingest.youtube_downloader - INFO - Downloading: 44.7% (1.0 MB/s)
2026-03-13 12:13:46,722 - ingest.youtube_downloader - INFO - Downloading: 44.7% (1.3 MB/s)
2026-03-13 12:13:46,724 - ingest.youtube_downloader - INFO - Downloading: 44.7% (1.9 MB/s)
2026-03-13 12:13:46,730 - ingest.youtube_downloader - INFO - Downloading: 44.8% (2.7 MB/s)
2026-03-13 12:13:46,735 - ingest.youtube_downloader - INFO - Downloading: 44.8% (3.7 MB/s)
2026-03-13 12:13:46,747 - ingest.youtube_downloader - INFO - Downloading: 44.8% (4.1 MB/s)
2026-03-13 12:13:46,779 - ingest.youtube_downloader - INFO - Downloading: 44.9% (4.2 MB/s)
2026-03-13 12:13:46,819 - ingest.youtube_downloader - INFO - Downloading: 45.1% (4.9 MB/s)
2026-03-13 12:13:46,906 - ingest.youtube_downloader - INFO - Downloading: 45.4% (5.3 MB/s)
2026-03-13 12:13:47,090 - ingest.youtube_downloader - INFO - Downloading: 46.1% (5.4 MB/s)
2026-03-13 12:13:47,418 - ingest.youtube_downloader - INFO - Downloading: 47.4% (5.7 MB/s)
2026-03-13 12:13:48,149 - ingest.youtube_downloader - INFO - Downloading: 50.0% (5.6 MB/s)
2026-03-13 12:13:48,402 - ingest.youtube_downloader - INFO - Downloading: 51.0% (5.7 MB/s)
2026-03-13 12:13:48,480 - ingest.youtube_downloader - INFO - Downloading: 51.0% (0.8 MB/s)
2026-03-13 12:13:48,482 - ingest.youtube_downloader - INFO - Downloading: 51.0% (0.9 MB/s)
2026-03-13 12:13:48,483 - ingest.youtube_downloader - INFO - Downloading: 51.0% (1.4 MB/s)
2026-03-13 12:13:48,485 - ingest.youtube_downloader - INFO - Downloading: 51.0% (2.3 MB/s)
2026-03-13 12:13:48,491 - ingest.youtube_downloader - INFO - Downloading: 51.0% (2.4 MB/s)
2026-03-13 12:13:48,498 - ingest.youtube_downloader - INFO - Downloading: 51.1% (3.1 MB/s)
2026-03-13 12:13:48,514 - ingest.youtube_downloader - INFO - Downloading: 51.1% (3.6 MB/s)
2026-03-13 12:13:48,541 - ingest.youtube_downloader - INFO - Downloading: 51.2% (4.0 MB/s)
2026-03-13 12:13:48,601 - ingest.youtube_downloader - INFO - Downloading: 51.4% (4.1 MB/s)
2026-03-13 12:13:48,734 - ingest.youtube_downloader - INFO - Downloading: 51.7% (3.9 MB/s)
2026-03-13 12:13:48,964 - ingest.youtube_downloader - INFO - Downloading: 52.3% (4.1 MB/s)
2026-03-13 12:13:49,366 - ingest.youtube_downloader - INFO - Downloading: 53.7% (4.5 MB/s)
2026-03-13 12:13:50,144 - ingest.youtube_downloader - INFO - Downloading: 56.3% (4.8 MB/s)
2026-03-13 12:13:50,513 - ingest.youtube_downloader - INFO - Downloading: 57.6% (4.9 MB/s)
2026-03-13 12:13:50,573 - ingest.youtube_downloader - INFO - Downloading: 57.6% (0.4 MB/s)
2026-03-13 12:13:50,574 - ingest.youtube_downloader - INFO - Downloading: 57.6% (0.9 MB/s)
2026-03-13 12:13:50,574 - ingest.youtube_downloader - INFO - Downloading: 57.6% (1.7 MB/s)
2026-03-13 12:13:50,577 - ingest.youtube_downloader - INFO - Downloading: 57.6% (2.7 MB/s)
2026-03-13 12:13:50,579 - ingest.youtube_downloader - INFO - Downloading: 57.6% (3.9 MB/s)
2026-03-13 12:13:50,606 - ingest.youtube_downloader - INFO - Downloading: 57.7% (1.8 MB/s)
2026-03-13 12:13:50,630 - ingest.youtube_downloader - INFO - Downloading: 57.7% (2.1 MB/s)
2026-03-13 12:13:50,653 - ingest.youtube_downloader - INFO - Downloading: 57.8% (3.1 MB/s)
2026-03-13 12:13:50,692 - ingest.youtube_downloader - INFO - Downloading: 58.0% (4.1 MB/s)
2026-03-13 12:13:50,791 - ingest.youtube_downloader - INFO - Downloading: 58.3% (4.5 MB/s)
2026-03-13 12:13:50,957 - ingest.youtube_downloader - INFO - Downloading: 58.9% (5.2 MB/s)
2026-03-13 12:13:51,444 - ingest.youtube_downloader - INFO - Downloading: 60.3% (4.6 MB/s)
2026-03-13 12:13:52,134 - ingest.youtube_downloader - INFO - Downloading: 62.9% (5.1 MB/s)
2026-03-13 12:13:52,396 - ingest.youtube_downloader - INFO - Downloading: 64.1% (5.4 MB/s)
2026-03-13 12:13:52,549 - ingest.youtube_downloader - INFO - Downloading: 64.1% (0.4 MB/s)
2026-03-13 12:13:52,552 - ingest.youtube_downloader - INFO - Downloading: 64.1% (0.6 MB/s)
2026-03-13 12:13:52,554 - ingest.youtube_downloader - INFO - Downloading: 64.1% (0.9 MB/s)
2026-03-13 12:13:52,556 - ingest.youtube_downloader - INFO - Downloading: 64.1% (1.6 MB/s)
2026-03-13 12:13:52,558 - ingest.youtube_downloader - INFO - Downloading: 64.1% (2.6 MB/s)
2026-03-13 12:13:52,563 - ingest.youtube_downloader - INFO - Downloading: 64.1% (3.9 MB/s)
2026-03-13 12:13:52,576 - ingest.youtube_downloader - INFO - Downloading: 64.2% (4.4 MB/s)
2026-03-13 12:13:52,599 - ingest.youtube_downloader - INFO - Downloading: 64.2% (4.7 MB/s)
2026-03-13 12:13:52,635 - ingest.youtube_downloader - INFO - Downloading: 64.4% (5.7 MB/s)
2026-03-13 12:13:52,721 - ingest.youtube_downloader - INFO - Downloading: 64.7% (5.7 MB/s)
2026-03-13 12:13:52,966 - ingest.youtube_downloader - INFO - Downloading: 65.4% (4.8 MB/s)
2026-03-13 12:13:53,328 - ingest.youtube_downloader - INFO - Downloading: 66.7% (5.1 MB/s)
2026-03-13 12:13:54,089 - ingest.youtube_downloader - INFO - Downloading: 69.4% (5.2 MB/s)
2026-03-13 12:13:54,413 - ingest.youtube_downloader - INFO - Downloading: 70.6% (5.3 MB/s)
2026-03-13 12:13:54,483 - ingest.youtube_downloader - INFO - Downloading: 70.6% (0.8 MB/s)
2026-03-13 12:13:54,485 - ingest.youtube_downloader - INFO - Downloading: 70.6% (0.8 MB/s)
2026-03-13 12:13:54,487 - ingest.youtube_downloader - INFO - Downloading: 70.6% (1.2 MB/s)
2026-03-13 12:13:54,490 - ingest.youtube_downloader - INFO - Downloading: 70.6% (1.8 MB/s)
2026-03-13 12:13:54,495 - ingest.youtube_downloader - INFO - Downloading: 70.6% (2.8 MB/s)
2026-03-13 12:13:54,502 - ingest.youtube_downloader - INFO - Downloading: 70.6% (3.4 MB/s)
2026-03-13 12:13:54,522 - ingest.youtube_downloader - INFO - Downloading: 70.7% (3.1 MB/s)
2026-03-13 12:13:54,539 - ingest.youtube_downloader - INFO - Downloading: 70.8% (4.3 MB/s)
2026-03-13 12:13:54,600 - ingest.youtube_downloader - INFO - Downloading: 70.9% (4.2 MB/s)
2026-03-13 12:13:54,686 - ingest.youtube_downloader - INFO - Downloading: 71.3% (4.9 MB/s)
2026-03-13 12:13:54,866 - ingest.youtube_downloader - INFO - Downloading: 71.9% (5.2 MB/s)
2026-03-13 12:13:55,281 - ingest.youtube_downloader - INFO - Downloading: 73.2% (5.0 MB/s)
2026-03-13 12:13:56,091 - ingest.youtube_downloader - INFO - Downloading: 75.9% (5.0 MB/s)
2026-03-13 12:13:56,406 - ingest.youtube_downloader - INFO - Downloading: 77.1% (5.1 MB/s)
2026-03-13 12:13:56,483 - ingest.youtube_downloader - INFO - Downloading: 77.1% (0.4 MB/s)
2026-03-13 12:13:56,484 - ingest.youtube_downloader - INFO - Downloading: 77.1% (0.8 MB/s)
2026-03-13 12:13:56,486 - ingest.youtube_downloader - INFO - Downloading: 77.1% (1.4 MB/s)
2026-03-13 12:13:56,487 - ingest.youtube_downloader - INFO - Downloading: 77.1% (2.1 MB/s)
2026-03-13 12:13:56,489 - ingest.youtube_downloader - INFO - Downloading: 77.1% (3.5 MB/s)
2026-03-13 12:13:56,495 - ingest.youtube_downloader - INFO - Downloading: 77.2% (4.5 MB/s)
2026-03-13 12:13:56,513 - ingest.youtube_downloader - INFO - Downloading: 77.2% (3.9 MB/s)
2026-03-13 12:13:56,553 - ingest.youtube_downloader - INFO - Downloading: 77.3% (3.5 MB/s)
2026-03-13 12:13:56,661 - ingest.youtube_downloader - INFO - Downloading: 77.4% (2.8 MB/s)
2026-03-13 12:13:56,786 - ingest.youtube_downloader - INFO - Downloading: 77.8% (3.3 MB/s)
2026-03-13 12:13:57,046 - ingest.youtube_downloader - INFO - Downloading: 78.4% (3.5 MB/s)
2026-03-13 12:13:57,415 - ingest.youtube_downloader - INFO - Downloading: 79.8% (4.3 MB/s)
2026-03-13 12:13:58,435 - ingest.youtube_downloader - INFO - Downloading: 82.4% (4.1 MB/s)
2026-03-13 12:13:58,779 - ingest.youtube_downloader - INFO - Downloading: 83.7% (4.3 MB/s)
2026-03-13 12:13:58,841 - ingest.youtube_downloader - INFO - Downloading: 83.7% (0.5 MB/s)
2026-03-13 12:13:58,845 - ingest.youtube_downloader - INFO - Downloading: 83.7% (0.5 MB/s)
2026-03-13 12:13:58,849 - ingest.youtube_downloader - INFO - Downloading: 83.7% (0.7 MB/s)
2026-03-13 12:13:58,853 - ingest.youtube_downloader - INFO - Downloading: 83.7% (1.1 MB/s)
2026-03-13 12:13:58,856 - ingest.youtube_downloader - INFO - Downloading: 83.7% (1.8 MB/s)
2026-03-13 12:13:58,862 - ingest.youtube_downloader - INFO - Downloading: 83.8% (3.0 MB/s)
2026-03-13 12:13:58,872 - ingest.youtube_downloader - INFO - Downloading: 83.8% (3.8 MB/s)
2026-03-13 12:13:59,005 - ingest.youtube_downloader - INFO - Downloading: 83.9% (1.5 MB/s)
2026-03-13 12:13:59,051 - ingest.youtube_downloader - INFO - Downloading: 84.0% (2.4 MB/s)
2026-03-13 12:13:59,160 - ingest.youtube_downloader - INFO - Downloading: 84.4% (3.1 MB/s)
2026-03-13 12:13:59,440 - ingest.youtube_downloader - INFO - Downloading: 85.0% (3.3 MB/s)
2026-03-13 12:13:59,847 - ingest.youtube_downloader - INFO - Downloading: 86.4% (4.0 MB/s)
2026-03-13 12:14:00,567 - ingest.youtube_downloader - INFO - Downloading: 89.0% (4.6 MB/s)
2026-03-13 12:14:00,942 - ingest.youtube_downloader - INFO - Downloading: 90.3% (4.7 MB/s)
2026-03-13 12:14:01,017 - ingest.youtube_downloader - INFO - Downloading: 90.3% (0.6 MB/s)
2026-03-13 12:14:01,019 - ingest.youtube_downloader - INFO - Downloading: 90.3% (0.7 MB/s)
2026-03-13 12:14:01,021 - ingest.youtube_downloader - INFO - Downloading: 90.3% (1.1 MB/s)
2026-03-13 12:14:01,024 - ingest.youtube_downloader - INFO - Downloading: 90.3% (1.7 MB/s)
2026-03-13 12:14:01,031 - ingest.youtube_downloader - INFO - Downloading: 90.3% (2.0 MB/s)
2026-03-13 12:14:01,037 - ingest.youtube_downloader - INFO - Downloading: 90.3% (2.9 MB/s)
2026-03-13 12:14:01,055 - ingest.youtube_downloader - INFO - Downloading: 90.3% (3.1 MB/s)
2026-03-13 12:14:01,079 - ingest.youtube_downloader - INFO - Downloading: 90.4% (4.0 MB/s)
2026-03-13 12:14:01,129 - ingest.youtube_downloader - INFO - Downloading: 90.6% (4.5 MB/s)
2026-03-13 12:14:01,242 - ingest.youtube_downloader - INFO - Downloading: 90.9% (4.4 MB/s)
2026-03-13 12:14:01,903 - ingest.youtube_downloader - INFO - Downloading: 91.6% (2.3 MB/s)
2026-03-13 12:14:02,238 - ingest.youtube_downloader - INFO - Downloading: 92.6% (2.9 MB/s)
2026-03-13 12:14:02,772 - ingest.youtube_downloader - INFO - Downloading: 94.6% (3.7 MB/s)
2026-03-13 12:14:03,749 - ingest.youtube_downloader - INFO - Downloading: 96.7% (3.6 MB/s)
2026-03-13 12:14:03,818 - ingest.youtube_downloader - INFO - Downloading: 96.7% (0.3 MB/s)
2026-03-13 12:14:03,820 - ingest.youtube_downloader - INFO - Downloading: 96.7% (0.5 MB/s)
2026-03-13 12:14:03,822 - ingest.youtube_downloader - INFO - Downloading: 96.7% (0.9 MB/s)
2026-03-13 12:14:03,824 - ingest.youtube_downloader - INFO - Downloading: 96.7% (1.5 MB/s)
2026-03-13 12:14:03,828 - ingest.youtube_downloader - INFO - Downloading: 96.8% (2.3 MB/s)
2026-03-13 12:14:03,835 - ingest.youtube_downloader - INFO - Downloading: 96.8% (3.1 MB/s)
2026-03-13 12:14:03,852 - ingest.youtube_downloader - INFO - Downloading: 96.8% (3.3 MB/s)
2026-03-13 12:14:03,871 - ingest.youtube_downloader - INFO - Downloading: 96.9% (4.4 MB/s)
2026-03-13 12:14:03,922 - ingest.youtube_downloader - INFO - Downloading: 97.1% (4.6 MB/s)
2026-03-13 12:14:04,007 - ingest.youtube_downloader - INFO - Downloading: 97.4% (5.2 MB/s)
2026-03-13 12:14:04,171 - ingest.youtube_downloader - INFO - Downloading: 98.1% (5.6 MB/s)
2026-03-13 12:14:04,566 - ingest.youtube_downloader - INFO - Downloading: 99.4% (5.3 MB/s)
2026-03-13 12:14:04,731 - ingest.youtube_downloader - INFO - Downloading: 100.0% (5.4 MB/s)
2026-03-13 12:14:04,735 - ingest.youtube_downloader - INFO - Download finished, converting to MP4...
2026-03-13 12:14:04,860 - ingest.ingest_worker - INFO - Step 5/5: Saving to Firestore and queueing...
2026-03-13 12:14:04,883 - ingest.ingest_worker - INFO - 
============================================================
2026-03-13 12:14:04,915 - ingest.ingest_worker - INFO - Video ID: 4KDE7NMshvI
2026-03-13 12:14:04,916 - ingest.ingest_worker - INFO - ============================================================

2026-03-13 12:14:04,959 - __main__ - INFO - GET /status/4KDE7NMshvI
2026-03-13 12:14:06,962 - __main__ - INFO - GET /status/4KDE7NMshvI
2026-03-13 12:14:08,965 - __main__ - INFO - GET /status/4KDE7NMshvI
2026-03-13 12:14:10,961 - __main__ - INFO - GET /status/4KDE7NMshvI
2026-03-13 12:14:12,964 - __main__ - INFO - GET /status/4KDE7NMshvI
2026-03-13 12:14:14,960 - __main__ - INFO - GET /status/4KDE7NMshvI
2026-03-13 12:14:16,961 - __main__ - INFO - GET /status/4KDE7NMshvI
2026-03-13 12:14:18,961 - __main__ - INFO - GET /status/4KDE7NMshvI
2026-03-13 12:14:20,960 - __main__ - INFO - GET /status/4KDE7NMshvI
2026-03-13 12:14:22,963 - __main__ - INFO - GET /status/4KDE7NMshvI
2026-03-13 12:14:24,960 - __main__ - INFO - GET /status/4KDE7NMshvI
2026-03-13 12:14:26,961 - __main__ - INFO - GET /status/4KDE7NMshvI
2026-03-13 12:14:28,959 - __main__ - INFO - GET /status/4KDE7NMshvI
2026-03-13 12:14:30,959 - __main__ - INFO - GET /status/4KDE7NMshvI
2026-03-13 12:14:32,959 - __main__ - INFO - GET /status/4KDE7NMshvI
2026-03-13 12:14:34,959 - __main__ - INFO - GET /status/4KDE7NMshvI
2026-03-13 12:14:36,960 - __main__ - INFO - GET /status/4KDE7NMshvI
2026-03-13 12:14:38,960 - __main__ - INFO - GET /status/4KDE7NMshvI
2026-03-13 12:14:40,961 - __main__ - INFO - GET /status/4KDE7NMshvI
2026-03-13 12:14:42,963 - __main__ - INFO - GET /status/4KDE7NMshvI
2026-03-13 12:14:44,960 - __main__ - INFO - GET /status/4KDE7NMshvI
2026-03-13 12:14:46,960 - __main__ - INFO - GET /status/4KDE7NMshvI
2026-03-13 12:14:48,962 - __main__ - INFO - GET /status/4KDE7NMshvI
2026-03-13 12:14:50,960 - __main__ - INFO - GET /status/4KDE7NMshvI
2026-03-13 12:14:52,961 - __main__ - INFO - GET /status/4KDE7NMshvI
2026-03-13 12:14:54,963 - __main__ - INFO - GET /status/4KDE7NMshvI
2026-03-13 12:14:56,963 - __main__ - INFO - GET /status/4KDE7NMshvI
2026-03-13 12:14:58,971 - __main__ - INFO - GET /status/4KDE7NMshvI
2026-03-13 12:14:59,838 - __main__ - INFO - POST /ingest - URL: https://www.youtube.com/watch?v=4KDE7NMshvI
2026-03-13 12:14:59,839 - __main__ - INFO - Extracted video_id: 4KDE7NMshvI
2026-03-13 12:14:59,840 - __main__ - INFO - Starting ingestion for video_id: 4KDE7NMshvI
2026-03-13 12:14:59,840 - ingest.ingest_worker - INFO - 
============================================================
2026-03-13 12:14:59,840 - ingest.ingest_worker - INFO - Starting ingestion for: https://www.youtube.com/watch?v=4KDE7NMshvI
2026-03-13 12:14:59,841 - ingest.ingest_worker - INFO - ============================================================
2026-03-13 12:14:59,841 - ingest.ingest_worker - INFO - Step 1/5: Extracting video ID...
2026-03-13 12:14:59,860 - ingest.ingest_worker - INFO - Step 2/5: Fetching metadata...
2026-03-13 12:14:59,863 - ingest.youtube_downloader - INFO - Fetching video info for: https://www.youtube.com/watch?v=4KDE7NMshvI
2026-03-13 12:15:02,385 - ingest.ingest_worker - INFO - Step 3/5: Parsing football metadata...
2026-03-13 12:15:02,386 - ingest.youtube_metadata - INFO - Parsing metadata for title: CFP National Championship: Miami Hurricanes vs. Indiana Hoosiers | Full Game Hig...
2026-03-13 12:15:02,387 - ingest.youtube_metadata - INFO - Parsed metadata: Teams=Miami Hurricanes vs Indiana Hoosiers, Year=None, Level=college
2026-03-13 12:15:02,387 - ingest.ingest_worker - INFO -   Teams: Miami Hurricanes vs Indiana Hoosiers
2026-03-13 12:15:02,387 - ingest.ingest_worker - INFO -   Year: None
2026-03-13 12:15:02,387 - ingest.ingest_worker - INFO -   Level: college
2026-03-13 12:15:02,388 - ingest.ingest_worker - INFO - Step 4/5: Downloading video...
2026-03-13 12:15:02,390 - ingest.youtube_downloader - INFO - Starting download from https://www.youtube.com/watch?v=4KDE7NMshvI
2026-03-13 12:15:02,391 - ingest.youtube_downloader - INFO - Output path: raw_videos\youtube_4KDE7NMshvI_20260313_121502.mp4
2026-03-13 12:15:02,392 - ingest.youtube_downloader - INFO - Download attempt 1/3
2026-03-13 12:15:04,846 - ingest.youtube_downloader - INFO - Downloading: 0.0% (0.1 MB/s)
2026-03-13 12:15:04,847 - ingest.youtube_downloader - INFO - Downloading: 0.0% (0.3 MB/s)
2026-03-13 12:15:04,849 - ingest.youtube_downloader - INFO - Downloading: 0.0% (0.6 MB/s)
2026-03-13 12:15:04,850 - ingest.youtube_downloader - INFO - Downloading: 0.0% (1.1 MB/s)
2026-03-13 12:15:04,860 - ingest.youtube_downloader - INFO - Downloading: 0.0% (1.4 MB/s)
2026-03-13 12:15:04,866 - ingest.youtube_downloader - INFO - Downloading: 0.0% (2.1 MB/s)
2026-03-13 12:15:04,886 - ingest.youtube_downloader - INFO - Downloading: 0.1% (2.5 MB/s)
2026-03-13 12:15:04,909 - ingest.youtube_downloader - INFO - Downloading: 0.2% (3.5 MB/s)
2026-03-13 12:15:04,946 - ingest.youtube_downloader - INFO - Downloading: 0.3% (4.6 MB/s)
2026-03-13 12:15:05,025 - ingest.youtube_downloader - INFO - Downloading: 0.7% (5.3 MB/s)
2026-03-13 12:15:05,208 - ingest.youtube_downloader - INFO - Downloading: 1.3% (5.4 MB/s)
2026-03-13 12:15:05,545 - ingest.youtube_downloader - INFO - Downloading: 2.6% (5.7 MB/s)
2026-03-13 12:15:06,306 - ingest.youtube_downloader - INFO - Downloading: 5.3% (5.4 MB/s)
2026-03-13 12:15:06,695 - ingest.youtube_downloader - INFO - Downloading: 6.6% (5.4 MB/s)
2026-03-13 12:15:06,791 - ingest.youtube_downloader - INFO - Downloading: 6.6% (0.9 MB/s)
2026-03-13 12:15:06,792 - ingest.youtube_downloader - INFO - Downloading: 6.6% (1.2 MB/s)
2026-03-13 12:15:06,793 - ingest.youtube_downloader - INFO - Downloading: 6.6% (1.8 MB/s)
2026-03-13 12:15:06,794 - ingest.youtube_downloader - INFO - Downloading: 6.6% (3.0 MB/s)
2026-03-13 12:15:06,795 - ingest.youtube_downloader - INFO - Downloading: 6.6% (5.2 MB/s)
2026-03-13 12:15:06,803 - ingest.youtube_downloader - INFO - Downloading: 6.6% (4.5 MB/s)
2026-03-13 12:15:06,816 - ingest.youtube_downloader - INFO - Downloading: 6.7% (4.6 MB/s)
2026-03-13 12:15:06,843 - ingest.youtube_downloader - INFO - Downloading: 6.8% (4.7 MB/s)
2026-03-13 12:15:06,880 - ingest.youtube_downloader - INFO - Downloading: 6.9% (5.6 MB/s)
2026-03-13 12:15:06,974 - ingest.youtube_downloader - INFO - Downloading: 7.3% (5.4 MB/s)
2026-03-13 12:15:07,154 - ingest.youtube_downloader - INFO - Downloading: 7.9% (5.5 MB/s)
2026-03-13 12:15:07,579 - ingest.youtube_downloader - INFO - Downloading: 9.2% (5.1 MB/s)
2026-03-13 12:15:08,304 - ingest.youtube_downloader - INFO - Downloading: 11.9% (5.3 MB/s)
2026-03-13 12:15:08,560 - ingest.youtube_downloader - INFO - Downloading: 13.0% (5.4 MB/s)
2026-03-13 12:15:08,625 - ingest.youtube_downloader - INFO - Downloading: 13.0% (0.5 MB/s)
2026-03-13 12:15:08,626 - ingest.youtube_downloader - INFO - Downloading: 13.0% (0.8 MB/s)
2026-03-13 12:15:08,627 - ingest.youtube_downloader - INFO - Downloading: 13.0% (1.5 MB/s)
2026-03-13 12:15:08,629 - ingest.youtube_downloader - INFO - Downloading: 13.0% (2.7 MB/s)
2026-03-13 12:15:08,634 - ingest.youtube_downloader - INFO - Downloading: 13.0% (3.0 MB/s)
2026-03-13 12:15:08,658 - ingest.youtube_downloader - INFO - Downloading: 13.0% (1.9 MB/s)
2026-03-13 12:15:08,679 - ingest.youtube_downloader - INFO - Downloading: 13.0% (2.2 MB/s)
2026-03-13 12:15:08,700 - ingest.youtube_downloader - INFO - Downloading: 13.1% (3.3 MB/s)
2026-03-13 12:15:08,779 - ingest.youtube_downloader - INFO - Downloading: 13.3% (3.2 MB/s)
2026-03-13 12:15:08,899 - ingest.youtube_downloader - INFO - Downloading: 13.6% (3.6 MB/s)
2026-03-13 12:15:09,127 - ingest.youtube_downloader - INFO - Downloading: 14.3% (4.0 MB/s)
2026-03-13 12:15:09,458 - ingest.youtube_downloader - INFO - Downloading: 15.6% (4.8 MB/s)
2026-03-13 12:15:10,154 - ingest.youtube_downloader - INFO - Downloading: 18.2% (5.2 MB/s)
2026-03-13 12:15:10,424 - ingest.youtube_downloader - INFO - Downloading: 19.3% (5.3 MB/s)
2026-03-13 12:15:10,483 - ingest.youtube_downloader - INFO - Downloading: 19.3% (0.2 MB/s)
2026-03-13 12:15:10,484 - ingest.youtube_downloader - INFO - Downloading: 19.3% (0.5 MB/s)
2026-03-13 12:15:10,485 - ingest.youtube_downloader - INFO - Downloading: 19.3% (0.9 MB/s)
2026-03-13 12:15:10,487 - ingest.youtube_downloader - INFO - Downloading: 19.3% (1.6 MB/s)
2026-03-13 12:15:10,489 - ingest.youtube_downloader - INFO - Downloading: 19.3% (2.8 MB/s)
2026-03-13 12:15:10,492 - ingest.youtube_downloader - INFO - Downloading: 19.3% (4.5 MB/s)
2026-03-13 12:15:10,508 - ingest.youtube_downloader - INFO - Downloading: 19.4% (4.2 MB/s)
2026-03-13 12:15:10,525 - ingest.youtube_downloader - INFO - Downloading: 19.5% (5.3 MB/s)
2026-03-13 12:15:10,605 - ingest.youtube_downloader - INFO - Downloading: 19.6% (3.9 MB/s)
2026-03-13 12:15:10,723 - ingest.youtube_downloader - INFO - Downloading: 20.0% (4.1 MB/s)
2026-03-13 12:15:10,919 - ingest.youtube_downloader - INFO - Downloading: 20.6% (4.5 MB/s)
2026-03-13 12:15:11,394 - ingest.youtube_downloader - INFO - Downloading: 21.9% (4.4 MB/s)
2026-03-13 12:15:12,193 - ingest.youtube_downloader - INFO - Downloading: 24.6% (4.7 MB/s)
2026-03-13 12:15:12,504 - ingest.youtube_downloader - INFO - Downloading: 25.6% (4.7 MB/s)
2026-03-13 12:15:12,564 - ingest.youtube_downloader - INFO - Downloading: 25.6% (0.4 MB/s)
2026-03-13 12:15:12,566 - ingest.youtube_downloader - INFO - Downloading: 25.6% (0.6 MB/s)
2026-03-13 12:15:12,569 - ingest.youtube_downloader - INFO - Downloading: 25.6% (0.8 MB/s)
2026-03-13 12:15:12,573 - ingest.youtube_downloader - INFO - Downloading: 25.6% (1.3 MB/s)
2026-03-13 12:15:12,578 - ingest.youtube_downloader - INFO - Downloading: 25.6% (1.9 MB/s)
2026-03-13 12:15:12,583 - ingest.youtube_downloader - INFO - Downloading: 25.7% (3.0 MB/s)
2026-03-13 12:15:12,599 - ingest.youtube_downloader - INFO - Downloading: 25.7% (3.3 MB/s)
2026-03-13 12:15:12,618 - ingest.youtube_downloader - INFO - Downloading: 25.8% (4.3 MB/s)
2026-03-13 12:15:12,668 - ingest.youtube_downloader - INFO - Downloading: 26.0% (4.7 MB/s)
2026-03-13 12:15:12,773 - ingest.youtube_downloader - INFO - Downloading: 26.3% (4.7 MB/s)
2026-03-13 12:15:13,015 - ingest.youtube_downloader - INFO - Downloading: 26.9% (4.4 MB/s)
2026-03-13 12:15:13,420 - ingest.youtube_downloader - INFO - Downloading: 28.3% (4.7 MB/s)
2026-03-13 12:15:14,203 - ingest.youtube_downloader - INFO - Downloading: 30.9% (4.9 MB/s)
2026-03-13 12:15:14,625 - ingest.youtube_downloader - INFO - Downloading: 32.2% (4.8 MB/s)
2026-03-13 12:15:14,681 - ingest.youtube_downloader - INFO - Downloading: 32.2% (0.3 MB/s)
2026-03-13 12:15:14,682 - ingest.youtube_downloader - INFO - Downloading: 32.2% (0.6 MB/s)
2026-03-13 12:15:14,683 - ingest.youtube_downloader - INFO - Downloading: 32.2% (1.1 MB/s)
2026-03-13 12:15:14,684 - ingest.youtube_downloader - INFO - Downloading: 32.2% (2.1 MB/s)
2026-03-13 12:15:14,685 - ingest.youtube_downloader - INFO - Downloading: 32.2% (3.9 MB/s)
2026-03-13 12:15:14,690 - ingest.youtube_downloader - INFO - Downloading: 32.3% (4.8 MB/s)
2026-03-13 12:15:14,709 - ingest.youtube_downloader - INFO - Downloading: 32.3% (4.0 MB/s)
2026-03-13 12:15:14,730 - ingest.youtube_downloader - INFO - Downloading: 32.4% (4.7 MB/s)
2026-03-13 12:15:14,770 - ingest.youtube_downloader - INFO - Downloading: 32.6% (5.4 MB/s)
2026-03-13 12:15:14,894 - ingest.youtube_downloader - INFO - Downloading: 32.9% (4.6 MB/s)
2026-03-13 12:15:15,112 - ingest.youtube_downloader - INFO - Downloading: 33.5% (4.6 MB/s)
2026-03-13 12:15:15,479 - ingest.youtube_downloader - INFO - Downloading: 34.9% (5.0 MB/s)
2026-03-13 12:15:16,268 - ingest.youtube_downloader - INFO - Downloading: 37.5% (5.0 MB/s)
2026-03-13 12:15:16,680 - ingest.youtube_downloader - INFO - Downloading: 38.5% (4.8 MB/s)
2026-03-13 12:15:16,773 - ingest.youtube_downloader - INFO - Downloading: 38.5%
2026-03-13 12:15:16,775 - ingest.youtube_downloader - INFO - Downloading: 38.5% (1.1 MB/s)
2026-03-13 12:15:16,776 - ingest.youtube_downloader - INFO - Downloading: 38.5% (1.7 MB/s)
2026-03-13 12:15:16,777 - ingest.youtube_downloader - INFO - Downloading: 38.5% (2.8 MB/s)
2026-03-13 12:15:16,778 - ingest.youtube_downloader - INFO - Downloading: 38.5% (4.7 MB/s)
2026-03-13 12:15:16,786 - ingest.youtube_downloader - INFO - Downloading: 38.5% (4.4 MB/s)
2026-03-13 12:15:16,800 - ingest.youtube_downloader - INFO - Downloading: 38.6% (4.4 MB/s)
2026-03-13 12:15:16,826 - ingest.youtube_downloader - INFO - Downloading: 38.7% (4.7 MB/s)
2026-03-13 12:15:16,873 - ingest.youtube_downloader - INFO - Downloading: 38.8% (5.0 MB/s)
2026-03-13 12:15:17,012 - ingest.youtube_downloader - INFO - Downloading: 39.2% (4.2 MB/s)
2026-03-13 12:15:17,182 - ingest.youtube_downloader - INFO - Downloading: 39.8% (4.9 MB/s)
2026-03-13 12:15:17,532 - ingest.youtube_downloader - INFO - Downloading: 41.1% (5.3 MB/s)
2026-03-13 12:15:18,285 - ingest.youtube_downloader - INFO - Downloading: 43.8% (5.3 MB/s)
2026-03-13 12:15:18,614 - ingest.youtube_downloader - INFO - Downloading: 44.8% (5.2 MB/s)
2026-03-13 12:15:18,670 - ingest.youtube_downloader - INFO - Downloading: 44.8% (0.3 MB/s)
2026-03-13 12:15:18,671 - ingest.youtube_downloader - INFO - Downloading: 44.8% (0.6 MB/s)
2026-03-13 12:15:18,672 - ingest.youtube_downloader - INFO - Downloading: 44.8% (1.2 MB/s)
2026-03-13 12:15:18,674 - ingest.youtube_downloader - INFO - Downloading: 44.8% (2.0 MB/s)
2026-03-13 12:15:18,676 - ingest.youtube_downloader - INFO - Downloading: 44.8% (3.5 MB/s)
2026-03-13 12:15:18,688 - ingest.youtube_downloader - INFO - Downloading: 44.8% (2.9 MB/s)
2026-03-13 12:15:18,705 - ingest.youtube_downloader - INFO - Downloading: 44.9% (3.2 MB/s)
2026-03-13 12:15:18,729 - ingest.youtube_downloader - INFO - Downloading: 44.9% (4.0 MB/s)
2026-03-13 12:15:18,775 - ingest.youtube_downloader - INFO - Downloading: 45.1% (4.6 MB/s)
2026-03-13 12:15:18,853 - ingest.youtube_downloader - INFO - Downloading: 45.4% (5.4 MB/s)
2026-03-13 12:15:19,036 - ingest.youtube_downloader - INFO - Downloading: 46.1% (5.4 MB/s)
2026-03-13 12:15:19,355 - ingest.youtube_downloader - INFO - Downloading: 47.4% (5.8 MB/s)
2026-03-13 12:15:20,212 - ingest.youtube_downloader - INFO - Downloading: 50.1% (5.2 MB/s)
2026-03-13 12:15:20,523 - ingest.youtube_downloader - INFO - Downloading: 51.2% (5.3 MB/s)
2026-03-13 12:15:20,580 - ingest.youtube_downloader - INFO - Downloading: 51.2% (0.4 MB/s)
2026-03-13 12:15:20,581 - ingest.youtube_downloader - INFO - Downloading: 51.2% (0.9 MB/s)
2026-03-13 12:15:20,582 - ingest.youtube_downloader - INFO - Downloading: 51.2% (1.6 MB/s)
2026-03-13 12:15:20,582 - ingest.youtube_downloader - INFO - Downloading: 51.2% (2.9 MB/s)
2026-03-13 12:15:20,586 - ingest.youtube_downloader - INFO - Downloading: 51.3% (3.9 MB/s)
2026-03-13 12:15:20,594 - ingest.youtube_downloader - INFO - Downloading: 51.3% (4.0 MB/s)
2026-03-13 12:15:20,616 - ingest.youtube_downloader - INFO - Downloading: 51.3% (3.3 MB/s)
2026-03-13 12:15:20,637 - ingest.youtube_downloader - INFO - Downloading: 51.4% (4.3 MB/s)
2026-03-13 12:15:20,712 - ingest.youtube_downloader - INFO - Downloading: 51.6% (3.8 MB/s)
2026-03-13 12:15:20,874 - ingest.youtube_downloader - INFO - Downloading: 51.9% (3.4 MB/s)
2026-03-13 12:15:21,057 - ingest.youtube_downloader - INFO - Downloading: 52.6% (4.2 MB/s)
2026-03-13 12:15:21,402 - ingest.youtube_downloader - INFO - Downloading: 53.9% (4.9 MB/s)
2026-03-13 12:15:22,368 - ingest.youtube_downloader - INFO - Downloading: 56.5% (4.5 MB/s)
2026-03-13 12:15:22,674 - ingest.youtube_downloader - INFO - Downloading: 57.6% (4.6 MB/s)
2026-03-13 12:15:22,810 - ingest.youtube_downloader - INFO - Downloading: 57.6%
2026-03-13 12:15:22,812 - ingest.youtube_downloader - INFO - Downloading: 57.6% (0.9 MB/s)
2026-03-13 12:15:22,814 - ingest.youtube_downloader - INFO - Downloading: 57.6% (1.2 MB/s)
2026-03-13 12:15:22,817 - ingest.youtube_downloader - INFO - Downloading: 57.6% (1.9 MB/s)
2026-03-13 12:15:22,827 - ingest.youtube_downloader - INFO - Downloading: 57.6% (1.7 MB/s)
2026-03-13 12:15:22,831 - ingest.youtube_downloader - INFO - Downloading: 57.7% (2.8 MB/s)
2026-03-13 12:15:22,857 - ingest.youtube_downloader - INFO - Downloading: 57.7% (2.7 MB/s)
2026-03-13 12:15:22,898 - ingest.youtube_downloader - INFO - Downloading: 57.8% (2.8 MB/s)
2026-03-13 12:15:22,952 - ingest.youtube_downloader - INFO - Downloading: 58.0% (3.5 MB/s)
2026-03-13 12:15:23,061 - ingest.youtube_downloader - INFO - Downloading: 58.3% (4.0 MB/s)
2026-03-13 12:15:23,238 - ingest.youtube_downloader - INFO - Downloading: 58.9% (4.7 MB/s)
2026-03-13 12:15:23,582 - ingest.youtube_downloader - INFO - Downloading: 60.3% (5.2 MB/s)
2026-03-13 12:15:24,280 - ingest.youtube_downloader - INFO - Downloading: 62.9% (5.4 MB/s)
2026-03-13 12:15:24,598 - ingest.youtube_downloader - INFO - Downloading: 64.2% (5.6 MB/s)
2026-03-13 12:15:24,731 - ingest.youtube_downloader - INFO - Downloading: 64.2% (0.8 MB/s)
2026-03-13 12:15:24,734 - ingest.youtube_downloader - INFO - Downloading: 64.2% (0.7 MB/s)
2026-03-13 12:15:24,737 - ingest.youtube_downloader - INFO - Downloading: 64.2% (1.0 MB/s)
2026-03-13 12:15:24,740 - ingest.youtube_downloader - INFO - Downloading: 64.2% (1.5 MB/s)
2026-03-13 12:15:24,745 - ingest.youtube_downloader - INFO - Downloading: 64.2% (2.1 MB/s)
2026-03-13 12:15:24,750 - ingest.youtube_downloader - INFO - Downloading: 64.2% (3.5 MB/s)
2026-03-13 12:15:24,757 - ingest.youtube_downloader - INFO - Downloading: 64.3% (4.6 MB/s)
2026-03-13 12:15:24,776 - ingest.youtube_downloader - INFO - Downloading: 64.3% (5.4 MB/s)
2026-03-13 12:15:24,816 - ingest.youtube_downloader - INFO - Downloading: 64.5% (5.8 MB/s)
2026-03-13 12:15:24,902 - ingest.youtube_downloader - INFO - Downloading: 64.8% (5.8 MB/s)
2026-03-13 12:15:25,065 - ingest.youtube_downloader - INFO - Downloading: 65.5% (6.0 MB/s)
2026-03-13 12:15:25,388 - ingest.youtube_downloader - INFO - Downloading: 66.8% (6.1 MB/s)
2026-03-13 12:15:26,031 - ingest.youtube_downloader - INFO - Downloading: 69.5% (6.1 MB/s)
2026-03-13 12:15:26,331 - ingest.youtube_downloader - INFO - Downloading: 70.7% (6.2 MB/s)
2026-03-13 12:15:26,414 - ingest.youtube_downloader - INFO - Downloading: 70.8% (0.5 MB/s)
2026-03-13 12:15:26,416 - ingest.youtube_downloader - INFO - Downloading: 70.8% (0.7 MB/s)
2026-03-13 12:15:26,418 - ingest.youtube_downloader - INFO - Downloading: 70.8% (1.1 MB/s)
2026-03-13 12:15:26,420 - ingest.youtube_downloader - INFO - Downloading: 70.8% (1.8 MB/s)
2026-03-13 12:15:26,423 - ingest.youtube_downloader - INFO - Downloading: 70.8% (2.9 MB/s)
2026-03-13 12:15:26,428 - ingest.youtube_downloader - INFO - Downloading: 70.8% (3.9 MB/s)
2026-03-13 12:15:26,441 - ingest.youtube_downloader - INFO - Downloading: 70.8% (4.4 MB/s)
2026-03-13 12:15:26,463 - ingest.youtube_downloader - INFO - Downloading: 70.9% (4.9 MB/s)
2026-03-13 12:15:26,502 - ingest.youtube_downloader - INFO - Downloading: 71.1% (5.6 MB/s)
2026-03-13 12:15:26,587 - ingest.youtube_downloader - INFO - Downloading: 71.4% (5.7 MB/s)
2026-03-13 12:15:26,745 - ingest.youtube_downloader - INFO - Downloading: 72.1% (6.0 MB/s)
2026-03-13 12:15:27,062 - ingest.youtube_downloader - INFO - Downloading: 73.4% (6.2 MB/s)
2026-03-13 12:15:27,765 - ingest.youtube_downloader - INFO - Downloading: 76.0% (5.9 MB/s)
2026-03-13 12:15:28,124 - ingest.youtube_downloader - INFO - Downloading: 77.2% (5.7 MB/s)
2026-03-13 12:15:28,298 - ingest.youtube_downloader - INFO - Downloading: 77.2% (0.9 MB/s)
2026-03-13 12:15:28,301 - ingest.youtube_downloader - INFO - Downloading: 77.2% (0.6 MB/s)
2026-03-13 12:15:28,304 - ingest.youtube_downloader - INFO - Downloading: 77.2% (0.9 MB/s)
2026-03-13 12:15:28,307 - ingest.youtube_downloader - INFO - Downloading: 77.2% (1.4 MB/s)
2026-03-13 12:15:28,310 - ingest.youtube_downloader - INFO - Downloading: 77.2% (2.1 MB/s)
2026-03-13 12:15:28,314 - ingest.youtube_downloader - INFO - Downloading: 77.2% (3.5 MB/s)
2026-03-13 12:15:28,326 - ingest.youtube_downloader - INFO - Downloading: 77.2% (4.2 MB/s)
2026-03-13 12:15:28,343 - ingest.youtube_downloader - INFO - Downloading: 77.3% (5.3 MB/s)
2026-03-13 12:15:28,393 - ingest.youtube_downloader - INFO - Downloading: 77.5% (5.1 MB/s)
2026-03-13 12:15:28,476 - ingest.youtube_downloader - INFO - Downloading: 77.8% (5.5 MB/s)
2026-03-13 12:15:28,651 - ingest.youtube_downloader - INFO - Downloading: 78.5% (5.6 MB/s)
2026-03-13 12:15:28,976 - ingest.youtube_downloader - INFO - Downloading: 79.8% (5.9 MB/s)
2026-03-13 12:15:29,579 - ingest.youtube_downloader - INFO - Downloading: 82.4% (6.2 MB/s)
2026-03-13 12:15:29,842 - ingest.youtube_downloader - INFO - Downloading: 83.5% (6.2 MB/s)
2026-03-13 12:15:30,053 - ingest.youtube_downloader - INFO - Downloading: 83.5%
2026-03-13 12:15:30,055 - ingest.youtube_downloader - INFO - Downloading: 83.5% (1.1 MB/s)
2026-03-13 12:15:30,058 - ingest.youtube_downloader - INFO - Downloading: 83.5% (1.2 MB/s)
2026-03-13 12:15:30,061 - ingest.youtube_downloader - INFO - Downloading: 83.5% (1.6 MB/s)
2026-03-13 12:15:30,064 - ingest.youtube_downloader - INFO - Downloading: 83.6% (2.6 MB/s)
2026-03-13 12:15:30,070 - ingest.youtube_downloader - INFO - Downloading: 83.6% (3.7 MB/s)
2026-03-13 12:15:30,079 - ingest.youtube_downloader - INFO - Downloading: 83.6% (4.7 MB/s)
2026-03-13 12:15:30,102 - ingest.youtube_downloader - INFO - Downloading: 83.7% (5.0 MB/s)
2026-03-13 12:15:30,140 - ingest.youtube_downloader - INFO - Downloading: 83.9% (5.6 MB/s)
2026-03-13 12:15:30,228 - ingest.youtube_downloader - INFO - Downloading: 84.2% (5.7 MB/s)
2026-03-13 12:15:30,382 - ingest.youtube_downloader - INFO - Downloading: 84.9% (6.1 MB/s)
2026-03-13 12:15:30,735 - ingest.youtube_downloader - INFO - Downloading: 86.2% (5.9 MB/s)
2026-03-13 12:15:31,526 - ingest.youtube_downloader - INFO - Downloading: 88.8% (5.4 MB/s)
2026-03-13 12:15:31,795 - ingest.youtube_downloader - INFO - Downloading: 90.0% (5.6 MB/s)
2026-03-13 12:15:31,885 - ingest.youtube_downloader - INFO - Downloading: 90.0% (0.4 MB/s)
2026-03-13 12:15:31,886 - ingest.youtube_downloader - INFO - Downloading: 90.0% (0.7 MB/s)
2026-03-13 12:15:31,888 - ingest.youtube_downloader - INFO - Downloading: 90.0% (1.2 MB/s)
2026-03-13 12:15:31,892 - ingest.youtube_downloader - INFO - Downloading: 90.0% (1.6 MB/s)
2026-03-13 12:15:31,897 - ingest.youtube_downloader - INFO - Downloading: 90.0% (2.4 MB/s)
2026-03-13 12:15:31,901 - ingest.youtube_downloader - INFO - Downloading: 90.1% (3.3 MB/s)
2026-03-13 12:15:31,911 - ingest.youtube_downloader - INFO - Downloading: 90.1% (4.2 MB/s)
2026-03-13 12:15:31,933 - ingest.youtube_downloader - INFO - Downloading: 90.2% (4.9 MB/s)
2026-03-13 12:15:31,973 - ingest.youtube_downloader - INFO - Downloading: 90.3% (5.5 MB/s)
2026-03-13 12:15:32,064 - ingest.youtube_downloader - INFO - Downloading: 90.7% (5.5 MB/s)
2026-03-13 12:15:32,235 - ingest.youtube_downloader - INFO - Downloading: 91.3% (5.7 MB/s)
2026-03-13 12:15:32,588 - ingest.youtube_downloader - INFO - Downloading: 92.7% (5.7 MB/s)
2026-03-13 12:15:33,232 - ingest.youtube_downloader - INFO - Downloading: 95.3% (5.9 MB/s)
2026-03-13 12:15:33,479 - ingest.youtube_downloader - INFO - Downloading: 96.4% (6.0 MB/s)
2026-03-13 12:15:33,552 - ingest.youtube_downloader - INFO - Downloading: 96.4% (0.7 MB/s)
2026-03-13 12:15:33,554 - ingest.youtube_downloader - INFO - Downloading: 96.4% (1.0 MB/s)
2026-03-13 12:15:33,555 - ingest.youtube_downloader - INFO - Downloading: 96.4% (1.5 MB/s)
2026-03-13 12:15:33,556 - ingest.youtube_downloader - INFO - Downloading: 96.4% (2.4 MB/s)
2026-03-13 12:15:33,558 - ingest.youtube_downloader - INFO - Downloading: 96.4% (4.3 MB/s)
2026-03-13 12:15:33,568 - ingest.youtube_downloader - INFO - Downloading: 96.4% (3.7 MB/s)
2026-03-13 12:15:33,585 - ingest.youtube_downloader - INFO - Downloading: 96.4% (3.6 MB/s)
2026-03-13 12:15:33,610 - ingest.youtube_downloader - INFO - Downloading: 96.5% (4.2 MB/s)
2026-03-13 12:15:33,652 - ingest.youtube_downloader - INFO - Downloading: 96.7% (4.9 MB/s)
2026-03-13 12:15:33,732 - ingest.youtube_downloader - INFO - Downloading: 97.0% (5.5 MB/s)
2026-03-13 12:15:33,890 - ingest.youtube_downloader - INFO - Downloading: 97.7% (5.9 MB/s)
2026-03-13 12:15:34,205 - ingest.youtube_downloader - INFO - Downloading: 99.0% (6.1 MB/s)
2026-03-13 12:15:34,494 - ingest.youtube_downloader - INFO - Downloading: 100.0% (5.8 MB/s)
2026-03-13 12:15:34,497 - ingest.youtube_downloader - INFO - Download finished, converting to MP4...
2026-03-13 12:15:34,635 - ingest.ingest_worker - INFO - Step 5/5: Saving to Firestore and queueing...
2026-03-13 12:15:34,674 - ingest.ingest_worker - INFO - 
============================================================
2026-03-13 12:15:34,701 - ingest.ingest_worker - INFO - Video ID: 4KDE7NMshvI
2026-03-13 12:15:34,702 - ingest.ingest_worker - INFO - ============================================================

2026-03-13 12:15:34,750 - __main__ - INFO - GET /status/4KDE7NMshvI
2026-03-13 12:15:34,754 - __main__ - INFO - GET /status/4KDE7NMshvI
2026-03-13 12:15:34,758 - __main__ - INFO - GET /status/4KDE7NMshvI
2026-03-13 12:15:34,767 - __main__ - INFO - GET /status/4KDE7NMshvI
2026-03-13 12:15:34,771 - __main__ - INFO - GET /status/4KDE7NMshvI
2026-03-13 12:15:34,776 - __main__ - INFO - GET /status/4KDE7NMshvI
2026-03-13 12:15:34,783 - __main__ - INFO - GET /status/4KDE7NMshvI
2026-03-13 12:15:34,787 - __main__ - INFO - GET /status/4KDE7NMshvI
2026-03-13 12:15:34,792 - __main__ - INFO - GET /status/4KDE7NMshvI
2026-03-13 12:15:34,797 - __main__ - INFO - GET /status/4KDE7NMshvI
2026-03-13 12:15:34,802 - __main__ - INFO - GET /status/4KDE7NMshvI
2026-03-13 12:15:34,805 - __main__ - INFO - GET /status/4KDE7NMshvI
2026-03-13 12:15:34,808 - __main__ - INFO - GET /status/4KDE7NMshvI
2026-03-13 12:15:34,813 - __main__ - INFO - GET /status/4KDE7NMshvI
2026-03-13 12:15:34,815 - __main__ - INFO - GET /status/4KDE7NMshvI
2026-03-13 12:15:34,818 - __main__ - INFO - GET /status/4KDE7NMshvI
2026-03-13 12:15:34,820 - __main__ - INFO - GET /status/4KDE7NMshvI
2026-03-13 12:15:34,824 - __main__ - INFO - GET /status/4KDE7NMshvI
2026-03-13 12:15:36,743 - __main__ - INFO - GET /status/4KDE7NMshvI
2026-03-13 12:15:38,756 - __main__ - INFO - GET /status/4KDE7NMshvI
2026-03-13 12:15:40,759 - __main__ - INFO - GET /status/4KDE7NMshvI
2026-03-13 12:15:42,758 - __main__ - INFO - GET /status/4KDE7NMshvI
2026-03-13 12:15:44,744 - __main__ - INFO - GET /status/4KDE7NMshvI
2026-03-13 12:15:46,757 - __main__ - INFO - GET /status/4KDE7NMshvI
2026-03-13 12:15:48,743 - __main__ - INFO - GET /status/4KDE7NMshvI
2026-03-13 12:15:50,756 - __main__ - INFO - GET /status/4KDE7NMshvI
2026-03-13 12:15:52,756 - __main__ - INFO - GET /status/4KDE7NMshvI
2026-03-13 12:15:54,758 - __main__ - INFO - GET /status/4KDE7NMshvI
2026-03-13 12:15:56,757 - __main__ - INFO - GET /status/4KDE7NMshvI
2026-03-13 12:15:58,755 - __main__ - INFO - GET /status/4KDE7NMshvI
2026-03-13 12:16:00,756 - __main__ - INFO - GET /status/4KDE7NMshvI
2026-03-13 12:16:02,753 - __main__ - INFO - GET /status/4KDE7NMshvI
2026-03-13 12:16:04,758 - __main__ - INFO - GET /status/4KDE7NMshvI
2026-03-13 12:16:06,757 - __main__ - INFO - GET /status/4KDE7NMshvI
2026-03-13 12:16:08,757 - __main__ - INFO - GET /status/4KDE7NMshvI
2026-03-13 12:16:10,757 - __main__ - INFO - GET /status/4KDE7NMshvI
2026-03-13 12:16:12,756 - __main__ - INFO - GET /status/4KDE7NMshvI
2026-03-13 12:16:14,756 - __main__ - INFO - GET /status/4KDE7NMshvI
2026-03-13 12:16:16,757 - __main__ - INFO - GET /status/4KDE7NMshvI
2026-03-13 12:16:18,745 - __main__ - INFO - GET /status/4KDE7NMshvI
2026-03-13 12:16:20,756 - __main__ - INFO - GET /status/4KDE7NMshvI
2026-03-13 12:16:22,756 - __main__ - INFO - GET /status/4KDE7NMshvI
2026-03-13 12:16:24,748 - __main__ - INFO - GET /status/4KDE7NMshvI
2026-03-13 12:16:26,971 - __main__ - INFO - GET /status/4KDE7NMshvI
2026-03-13 12:16:28,949 - __main__ - INFO - GET /status/4KDE7NMshvI
2026-03-13 12:16:30,957 - __main__ - INFO - GET /status/4KDE7NMshvI
2026-03-13 12:16:32,946 - __main__ - INFO - GET /status/4KDE7NMshvI
2026-03-13 12:16:34,755 - __main__ - INFO - GET /status/4KDE7NMshvI
2026-03-13 12:16:36,745 - __main__ - INFO - GET /status/4KDE7NMshvI
2026-03-13 12:16:38,744 - __main__ - INFO - GET /status/4KDE7NMshvI
2026-03-13 12:16:40,755 - __main__ - INFO - GET /status/4KDE7NMshvI
2026-03-13 12:16:42,753 - __main__ - INFO - GET /status/4KDE7NMshvI
2026-03-13 12:16:44,744 - __main__ - INFO - GET /status/4KDE7NMshvI
2026-03-13 12:16:46,754 - __main__ - INFO - GET /status/4KDE7NMshvI
2026-03-13 12:16:48,745 - __main__ - INFO - GET /status/4KDE7NMshvI
2026-03-13 12:16:50,757 - __main__ - INFO - GET /status/4KDE7NMshvI
2026-03-13 12:16:52,757 - __main__ - INFO - GET /status/4KDE7NMshvI
2026-03-13 12:16:54,756 - __main__ - INFO - GET /status/4KDE7NMshvI
2026-03-13 12:16:56,759 - __main__ - INFO - GET /status/4KDE7NMshvI
2026-03-13 12:16:58,748 - __main__ - INFO - GET /status/4KDE7NMshvI
2026-03-13 12:17:00,757 - __main__ - INFO - GET /status/4KDE7NMshvI
2026-03-13 12:17:05,039 - __main__ - INFO - GET /status/4KDE7NMshvI
2026-03-13 12:17:12,992 - __main__ - INFO - POST /ingest - URL: 4KDE7NMshvI
2026-03-13 12:17:13,009 - __main__ - INFO - Extracted video_id: 4KDE7NMshvI
2026-03-13 12:17:13,011 - __main__ - INFO - Starting ingestion for video_id: 4KDE7NMshvI
2026-03-13 12:17:13,012 - ingest.ingest_worker - INFO - 
============================================================
2026-03-13 12:17:13,013 - ingest.ingest_worker - INFO - Starting ingestion for: 4KDE7NMshvI
2026-03-13 12:17:13,014 - ingest.ingest_worker - INFO - ============================================================
2026-03-13 12:17:13,015 - ingest.ingest_worker - INFO - Step 1/5: Extracting video ID...
2026-03-13 12:17:13,079 - ingest.ingest_worker - INFO - Step 2/5: Fetching metadata...
2026-03-13 12:17:13,081 - ingest.youtube_downloader - INFO - Fetching video info for: 4KDE7NMshvI
2026-03-13 12:17:15,967 - ingest.ingest_worker - INFO - Step 3/5: Parsing football metadata...
2026-03-13 12:17:15,969 - ingest.youtube_metadata - INFO - Parsing metadata for title: CFP National Championship: Miami Hurricanes vs. Indiana Hoosiers | Full Game Hig...
2026-03-13 12:17:15,971 - ingest.youtube_metadata - INFO - Parsed metadata: Teams=Miami Hurricanes vs Indiana Hoosiers, Year=None, Level=college
2026-03-13 12:17:15,972 - ingest.ingest_worker - INFO -   Teams: Miami Hurricanes vs Indiana Hoosiers
2026-03-13 12:17:15,972 - ingest.ingest_worker - INFO -   Year: None
2026-03-13 12:17:15,973 - ingest.ingest_worker - INFO -   Level: college
2026-03-13 12:17:15,974 - ingest.ingest_worker - INFO - Step 4/5: Downloading video...
2026-03-13 12:17:15,977 - ingest.youtube_downloader - INFO - Starting download from 4KDE7NMshvI
2026-03-13 12:17:15,978 - ingest.youtube_downloader - INFO - Output path: raw_videos\youtube_4KDE7NMshvI_20260313_121715.mp4
2026-03-13 12:17:15,978 - ingest.youtube_downloader - INFO - Download attempt 1/3
2026-03-13 12:17:18,404 - ingest.youtube_downloader - INFO - Downloading: 0.0% (0.4 MB/s)
2026-03-13 12:17:18,406 - ingest.youtube_downloader - INFO - Downloading: 0.0% (0.4 MB/s)
2026-03-13 12:17:18,407 - ingest.youtube_downloader - INFO - Downloading: 0.0% (0.8 MB/s)
2026-03-13 12:17:18,409 - ingest.youtube_downloader - INFO - Downloading: 0.0% (1.5 MB/s)
2026-03-13 12:17:18,411 - ingest.youtube_downloader - INFO - Downloading: 0.0% (2.6 MB/s)
2026-03-13 12:17:18,418 - ingest.youtube_downloader - INFO - Downloading: 0.0% (3.4 MB/s)
2026-03-13 12:17:18,432 - ingest.youtube_downloader - INFO - Downloading: 0.1% (3.8 MB/s)
2026-03-13 12:17:18,453 - ingest.youtube_downloader - INFO - Downloading: 0.2% (4.7 MB/s)
2026-03-13 12:17:18,492 - ingest.youtube_downloader - INFO - Downloading: 0.3% (5.4 MB/s)
2026-03-13 12:17:18,575 - ingest.youtube_downloader - INFO - Downloading: 0.7% (5.7 MB/s)
2026-03-13 12:17:18,739 - ingest.youtube_downloader - INFO - Downloading: 1.3% (5.9 MB/s)
2026-03-13 12:17:19,054 - ingest.youtube_downloader - INFO - Downloading: 2.6% (6.1 MB/s)
2026-03-13 12:17:19,824 - ingest.youtube_downloader - INFO - Downloading: 5.3% (5.6 MB/s)
2026-03-13 12:17:20,192 - ingest.youtube_downloader - INFO - Downloading: 6.4% (5.4 MB/s)
2026-03-13 12:17:20,257 - ingest.youtube_downloader - INFO - Downloading: 6.4% (0.9 MB/s)
2026-03-13 12:17:20,259 - ingest.youtube_downloader - INFO - Downloading: 6.4% (1.0 MB/s)
2026-03-13 12:17:20,260 - ingest.youtube_downloader - INFO - Downloading: 6.4% (1.6 MB/s)
2026-03-13 12:17:20,262 - ingest.youtube_downloader - INFO - Downloading: 6.4% (2.5 MB/s)
2026-03-13 12:17:20,264 - ingest.youtube_downloader - INFO - Downloading: 6.4% (3.9 MB/s)
2026-03-13 12:17:20,274 - ingest.youtube_downloader - INFO - Downloading: 6.4% (3.6 MB/s)
2026-03-13 12:17:20,298 - ingest.youtube_downloader - INFO - Downloading: 6.5% (3.0 MB/s)
2026-03-13 12:17:20,316 - ingest.youtube_downloader - INFO - Downloading: 6.5% (4.1 MB/s)
2026-03-13 12:17:20,364 - ingest.youtube_downloader - INFO - Downloading: 6.7% (4.7 MB/s)
2026-03-13 12:17:20,439 - ingest.youtube_downloader - INFO - Downloading: 7.0% (5.5 MB/s)
2026-03-13 12:17:20,687 - ingest.youtube_downloader - INFO - Downloading: 7.7% (4.6 MB/s)
2026-03-13 12:17:21,046 - ingest.youtube_downloader - INFO - Downloading: 9.0% (5.1 MB/s)
2026-03-13 12:17:21,953 - ingest.youtube_downloader - INFO - Downloading: 11.7% (4.7 MB/s)
2026-03-13 12:17:22,283 - ingest.youtube_downloader - INFO - Downloading: 13.0% (4.9 MB/s)
2026-03-13 12:17:22,339 - ingest.youtube_downloader - INFO - Downloading: 13.0% (0.4 MB/s)
2026-03-13 12:17:22,341 - ingest.youtube_downloader - INFO - Downloading: 13.0% (0.7 MB/s)
2026-03-13 12:17:22,343 - ingest.youtube_downloader - INFO - Downloading: 13.0% (1.0 MB/s)
2026-03-13 12:17:22,343 - ingest.youtube_downloader - INFO - Downloading: 13.0% (1.9 MB/s)
2026-03-13 12:17:22,344 - ingest.youtube_downloader - INFO - Downloading: 13.0% (3.5 MB/s)
2026-03-13 12:17:22,351 - ingest.youtube_downloader - INFO - Downloading: 13.0% (4.4 MB/s)
2026-03-13 12:17:22,365 - ingest.youtube_downloader - INFO - Downloading: 13.0% (4.4 MB/s)
2026-03-13 12:17:22,412 - ingest.youtube_downloader - INFO - Downloading: 13.1% (3.3 MB/s)
2026-03-13 12:17:22,455 - ingest.youtube_downloader - INFO - Downloading: 13.3% (4.2 MB/s)
2026-03-13 12:17:22,562 - ingest.youtube_downloader - INFO - Downloading: 13.6% (4.4 MB/s)
2026-03-13 12:17:22,746 - ingest.youtube_downloader - INFO - Downloading: 14.3% (4.9 MB/s)
2026-03-13 12:17:23,115 - ingest.youtube_downloader - INFO - Downloading: 15.6% (5.1 MB/s)
2026-03-13 12:17:23,975 - ingest.youtube_downloader - INFO - Downloading: 18.2% (4.9 MB/s)
2026-03-13 12:17:24,292 - ingest.youtube_downloader - INFO - Downloading: 19.3% (4.9 MB/s)
2026-03-13 12:17:24,392 - ingest.youtube_downloader - INFO - Downloading: 19.3% (0.9 MB/s)
2026-03-13 12:17:24,394 - ingest.youtube_downloader - INFO - Downloading: 19.3% (0.9 MB/s)
2026-03-13 12:17:24,395 - ingest.youtube_downloader - INFO - Downloading: 19.3% (1.3 MB/s)
2026-03-13 12:17:24,397 - ingest.youtube_downloader - INFO - Downloading: 19.3% (2.2 MB/s)
2026-03-13 12:17:24,399 - ingest.youtube_downloader - INFO - Downloading: 19.4% (3.6 MB/s)
2026-03-13 12:17:24,409 - ingest.youtube_downloader - INFO - Downloading: 19.4% (3.3 MB/s)
2026-03-13 12:17:24,418 - ingest.youtube_downloader - INFO - Downloading: 19.4% (4.5 MB/s)
2026-03-13 12:17:24,449 - ingest.youtube_downloader - INFO - Downloading: 19.5% (4.2 MB/s)
2026-03-13 12:17:24,491 - ingest.youtube_downloader - INFO - Downloading: 19.7% (5.2 MB/s)
2026-03-13 12:17:24,565 - ingest.youtube_downloader - INFO - Downloading: 20.0% (5.7 MB/s)
2026-03-13 12:17:24,740 - ingest.youtube_downloader - INFO - Downloading: 20.7% (5.7 MB/s)
2026-03-13 12:17:25,071 - ingest.youtube_downloader - INFO - Downloading: 22.0% (5.9 MB/s)
2026-03-13 12:17:25,800 - ingest.youtube_downloader - INFO - Downloading: 24.6% (5.7 MB/s)
2026-03-13 12:17:26,055 - ingest.youtube_downloader - INFO - Downloading: 25.8% (5.9 MB/s)
2026-03-13 12:17:26,124 - ingest.youtube_downloader - INFO - Downloading: 25.8% (0.2 MB/s)
2026-03-13 12:17:26,127 - ingest.youtube_downloader - INFO - Downloading: 25.8% (0.4 MB/s)
2026-03-13 12:17:26,130 - ingest.youtube_downloader - INFO - Downloading: 25.8% (0.7 MB/s)
2026-03-13 12:17:26,132 - ingest.youtube_downloader - INFO - Downloading: 25.8% (1.2 MB/s)
2026-03-13 12:17:26,134 - ingest.youtube_downloader - INFO - Downloading: 25.8% (2.2 MB/s)
2026-03-13 12:17:26,137 - ingest.youtube_downloader - INFO - Downloading: 25.8% (3.7 MB/s)
2026-03-13 12:17:26,161 - ingest.youtube_downloader - INFO - Downloading: 25.9% (3.0 MB/s)
2026-03-13 12:17:26,186 - ingest.youtube_downloader - INFO - Downloading: 25.9% (3.7 MB/s)
2026-03-13 12:17:26,244 - ingest.youtube_downloader - INFO - Downloading: 26.1% (4.1 MB/s)
2026-03-13 12:17:26,328 - ingest.youtube_downloader - INFO - Downloading: 26.4% (4.8 MB/s)
2026-03-13 12:17:26,513 - ingest.youtube_downloader - INFO - Downloading: 27.1% (5.1 MB/s)
2026-03-13 12:17:26,873 - ingest.youtube_downloader - INFO - Downloading: 28.4% (5.3 MB/s)
2026-03-13 12:17:27,635 - ingest.youtube_downloader - INFO - Downloading: 31.1% (5.3 MB/s)
2026-03-13 12:17:27,970 - ingest.youtube_downloader - INFO - Downloading: 32.3% (5.3 MB/s)
2026-03-13 12:17:28,039 - ingest.youtube_downloader - INFO - Downloading: 32.3% (0.3 MB/s)
2026-03-13 12:17:28,042 - ingest.youtube_downloader - INFO - Downloading: 32.3% (0.5 MB/s)
2026-03-13 12:17:28,044 - ingest.youtube_downloader - INFO - Downloading: 32.3% (0.8 MB/s)
2026-03-13 12:17:28,045 - ingest.youtube_downloader - INFO - Downloading: 32.3% (1.4 MB/s)
2026-03-13 12:17:28,048 - ingest.youtube_downloader - INFO - Downloading: 32.3% (2.3 MB/s)
2026-03-13 12:17:28,059 - ingest.youtube_downloader - INFO - Downloading: 32.3% (2.7 MB/s)
2026-03-13 12:17:28,078 - ingest.youtube_downloader - INFO - Downloading: 32.3% (2.9 MB/s)
2026-03-13 12:17:28,100 - ingest.youtube_downloader - INFO - Downloading: 32.4% (3.8 MB/s)
2026-03-13 12:17:28,146 - ingest.youtube_downloader - INFO - Downloading: 32.6% (4.5 MB/s)
2026-03-13 12:17:28,278 - ingest.youtube_downloader - INFO - Downloading: 32.9% (4.1 MB/s)
2026-03-13 12:17:28,493 - ingest.youtube_downloader - INFO - Downloading: 33.6% (4.4 MB/s)
2026-03-13 12:17:28,844 - ingest.youtube_downloader - INFO - Downloading: 34.9% (4.9 MB/s)
2026-03-13 12:17:29,505 - ingest.youtube_downloader - INFO - Downloading: 37.5% (5.4 MB/s)
2026-03-13 12:17:29,794 - ingest.youtube_downloader - INFO - Downloading: 38.7% (5.5 MB/s)
2026-03-13 12:17:29,883 - ingest.youtube_downloader - INFO - Downloading: 38.7% (0.4 MB/s)
2026-03-13 12:17:29,884 - ingest.youtube_downloader - INFO - Downloading: 38.7% (0.7 MB/s)
2026-03-13 12:17:29,885 - ingest.youtube_downloader - INFO - Downloading: 38.7% (1.3 MB/s)
2026-03-13 12:17:29,889 - ingest.youtube_downloader - INFO - Downloading: 38.7% (1.9 MB/s)
2026-03-13 12:17:29,890 - ingest.youtube_downloader - INFO - Downloading: 38.7% (3.0 MB/s)
2026-03-13 12:17:29,895 - ingest.youtube_downloader - INFO - Downloading: 38.7% (4.1 MB/s)
2026-03-13 12:17:29,907 - ingest.youtube_downloader - INFO - Downloading: 38.8% (4.5 MB/s)
2026-03-13 12:17:29,932 - ingest.youtube_downloader - INFO - Downloading: 38.8% (4.9 MB/s)
2026-03-13 12:17:29,972 - ingest.youtube_downloader - INFO - Downloading: 39.0% (5.4 MB/s)
2026-03-13 12:17:30,060 - ingest.youtube_downloader - INFO - Downloading: 39.3% (5.6 MB/s)
2026-03-13 12:17:30,213 - ingest.youtube_downloader - INFO - Downloading: 40.0% (6.0 MB/s)
2026-03-13 12:17:30,534 - ingest.youtube_downloader - INFO - Downloading: 41.3% (6.1 MB/s)
2026-03-13 12:17:31,271 - ingest.youtube_downloader - INFO - Downloading: 44.0% (5.8 MB/s)
2026-03-13 12:17:31,656 - ingest.youtube_downloader - INFO - Downloading: 45.2% (5.6 MB/s)
2026-03-13 12:17:31,758 - ingest.youtube_downloader - INFO - Downloading: 45.2% (0.3 MB/s)
2026-03-13 12:17:31,760 - ingest.youtube_downloader - INFO - Downloading: 45.2% (0.5 MB/s)
2026-03-13 12:17:31,761 - ingest.youtube_downloader - INFO - Downloading: 45.2% (0.9 MB/s)
2026-03-13 12:17:31,764 - ingest.youtube_downloader - INFO - Downloading: 45.2% (1.5 MB/s)
2026-03-13 12:17:31,766 - ingest.youtube_downloader - INFO - Downloading: 45.2% (2.5 MB/s)
2026-03-13 12:17:31,768 - ingest.youtube_downloader - INFO - Downloading: 45.3% (4.2 MB/s)
2026-03-13 12:17:31,787 - ingest.youtube_downloader - INFO - Downloading: 45.3% (3.7 MB/s)
2026-03-13 12:17:31,809 - ingest.youtube_downloader - INFO - Downloading: 45.4% (4.6 MB/s)
2026-03-13 12:17:31,847 - ingest.youtube_downloader - INFO - Downloading: 45.6% (5.4 MB/s)
2026-03-13 12:17:31,930 - ingest.youtube_downloader - INFO - Downloading: 45.9% (5.7 MB/s)
2026-03-13 12:17:32,118 - ingest.youtube_downloader - INFO - Downloading: 46.5% (5.5 MB/s)
2026-03-13 12:17:32,556 - ingest.youtube_downloader - INFO - Downloading: 47.9% (5.0 MB/s)
2026-03-13 12:17:33,216 - ingest.youtube_downloader - INFO - Downloading: 50.5% (5.5 MB/s)
2026-03-13 12:17:33,475 - ingest.youtube_downloader - INFO - Downloading: 51.6% (5.6 MB/s)
2026-03-13 12:17:33,541 - ingest.youtube_downloader - INFO - Downloading: 51.6% (0.4 MB/s)
2026-03-13 12:17:33,542 - ingest.youtube_downloader - INFO - Downloading: 51.6% (0.8 MB/s)
2026-03-13 12:17:33,543 - ingest.youtube_downloader - INFO - Downloading: 51.6% (1.4 MB/s)
2026-03-13 12:17:33,544 - ingest.youtube_downloader - INFO - Downloading: 51.6% (2.6 MB/s)
2026-03-13 12:17:33,545 - ingest.youtube_downloader - INFO - Downloading: 51.6% (4.5 MB/s)
2026-03-13 12:17:33,558 - ingest.youtube_downloader - INFO - Downloading: 51.6% (3.1 MB/s)
2026-03-13 12:17:33,576 - ingest.youtube_downloader - INFO - Downloading: 51.7% (3.4 MB/s)
2026-03-13 12:17:33,597 - ingest.youtube_downloader - INFO - Downloading: 51.7% (4.3 MB/s)
2026-03-13 12:17:33,643 - ingest.youtube_downloader - INFO - Downloading: 51.9% (4.8 MB/s)
2026-03-13 12:17:33,723 - ingest.youtube_downloader - INFO - Downloading: 52.2% (5.4 MB/s)
2026-03-13 12:17:33,901 - ingest.youtube_downloader - INFO - Downloading: 52.9% (5.5 MB/s)
2026-03-13 12:17:34,266 - ingest.youtube_downloader - INFO - Downloading: 54.2% (5.5 MB/s)
2026-03-13 12:17:34,931 - ingest.youtube_downloader - INFO - Downloading: 56.9% (5.7 MB/s)
2026-03-13 12:17:35,248 - ingest.youtube_downloader - INFO - Downloading: 58.1% (5.8 MB/s)
2026-03-13 12:17:35,323 - ingest.youtube_downloader - INFO - Downloading: 58.1% (0.3 MB/s)
2026-03-13 12:17:35,330 - ingest.youtube_downloader - INFO - Downloading: 58.1% (0.3 MB/s)
2026-03-13 12:17:35,343 - ingest.youtube_downloader - INFO - Downloading: 58.1% (0.4 MB/s)
2026-03-13 12:17:35,348 - ingest.youtube_downloader - INFO - Downloading: 58.1% (0.5 MB/s)
2026-03-13 12:17:35,355 - ingest.youtube_downloader - INFO - Downloading: 58.1% (0.9 MB/s)
2026-03-13 12:17:35,360 - ingest.youtube_downloader - INFO - Downloading: 58.1% (1.5 MB/s)
2026-03-13 12:17:35,364 - ingest.youtube_downloader - INFO - Downloading: 58.1% (2.7 MB/s)
2026-03-13 12:17:35,384 - ingest.youtube_downloader - INFO - Downloading: 58.2% (3.8 MB/s)
2026-03-13 12:17:35,424 - ingest.youtube_downloader - INFO - Downloading: 58.4% (4.7 MB/s)
2026-03-13 12:17:35,513 - ingest.youtube_downloader - INFO - Downloading: 58.7% (5.1 MB/s)
2026-03-13 12:17:35,786 - ingest.youtube_downloader - INFO - Downloading: 59.4% (4.3 MB/s)
2026-03-13 12:17:36,280 - ingest.youtube_downloader - INFO - Downloading: 60.7% (4.2 MB/s)
2026-03-13 12:17:37,110 - ingest.youtube_downloader - INFO - Downloading: 63.3% (4.5 MB/s)
2026-03-13 12:17:37,359 - ingest.youtube_downloader - INFO - Downloading: 64.4% (4.7 MB/s)
2026-03-13 12:17:37,455 - ingest.youtube_downloader - INFO - Downloading: 64.4% (0.4 MB/s)
2026-03-13 12:17:37,456 - ingest.youtube_downloader - INFO - Downloading: 64.4% (0.8 MB/s)
2026-03-13 12:17:37,457 - ingest.youtube_downloader - INFO - Downloading: 64.4% (1.5 MB/s)
2026-03-13 12:17:37,458 - ingest.youtube_downloader - INFO - Downloading: 64.4% (2.6 MB/s)
2026-03-13 12:17:37,464 - ingest.youtube_downloader - INFO - Downloading: 64.4% (2.7 MB/s)
2026-03-13 12:17:37,475 - ingest.youtube_downloader - INFO - Downloading: 64.4% (2.9 MB/s)
2026-03-13 12:17:37,487 - ingest.youtube_downloader - INFO - Downloading: 64.5% (3.7 MB/s)
2026-03-13 12:17:37,510 - ingest.youtube_downloader - INFO - Downloading: 64.5% (4.4 MB/s)
2026-03-13 12:17:37,550 - ingest.youtube_downloader - INFO - Downloading: 64.7% (5.1 MB/s)
2026-03-13 12:17:37,631 - ingest.youtube_downloader - INFO - Downloading: 65.0% (5.6 MB/s)
2026-03-13 12:17:37,782 - ingest.youtube_downloader - INFO - Downloading: 65.7% (6.1 MB/s)
2026-03-13 12:17:38,104 - ingest.youtube_downloader - INFO - Downloading: 67.0% (6.1 MB/s)
2026-03-13 12:17:38,715 - ingest.youtube_downloader - INFO - Downloading: 69.7% (6.3 MB/s)
2026-03-13 12:17:39,056 - ingest.youtube_downloader - INFO - Downloading: 71.0% (6.2 MB/s)
2026-03-13 12:17:39,120 - ingest.youtube_downloader - INFO - Downloading: 71.0% (0.3 MB/s)
2026-03-13 12:17:39,121 - ingest.youtube_downloader - INFO - Downloading: 71.0% (0.6 MB/s)
2026-03-13 12:17:39,122 - ingest.youtube_downloader - INFO - Downloading: 71.0% (1.2 MB/s)
2026-03-13 12:17:39,123 - ingest.youtube_downloader - INFO - Downloading: 71.0% (2.2 MB/s)
2026-03-13 12:17:39,124 - ingest.youtube_downloader - INFO - Downloading: 71.0% (4.0 MB/s)
2026-03-13 12:17:39,134 - ingest.youtube_downloader - INFO - Downloading: 71.0% (3.5 MB/s)
2026-03-13 12:17:39,154 - ingest.youtube_downloader - INFO - Downloading: 71.0% (3.3 MB/s)
2026-03-13 12:17:39,174 - ingest.youtube_downloader - INFO - Downloading: 71.1% (4.3 MB/s)
2026-03-13 12:17:39,231 - ingest.youtube_downloader - INFO - Downloading: 71.3% (4.4 MB/s)
2026-03-13 12:17:39,343 - ingest.youtube_downloader - INFO - Downloading: 71.6% (4.4 MB/s)
2026-03-13 12:17:39,520 - ingest.youtube_downloader - INFO - Downloading: 72.3% (5.0 MB/s)
2026-03-13 12:17:39,902 - ingest.youtube_downloader - INFO - Downloading: 73.6% (5.1 MB/s)
2026-03-13 12:17:40,621 - ingest.youtube_downloader - INFO - Downloading: 76.2% (5.3 MB/s)
2026-03-13 12:17:40,925 - ingest.youtube_downloader - INFO - Downloading: 77.4% (5.4 MB/s)
2026-03-13 12:17:41,061 - ingest.youtube_downloader - INFO - Downloading: 77.4% (0.3 MB/s)
2026-03-13 12:17:41,062 - ingest.youtube_downloader - INFO - Downloading: 77.4% (0.6 MB/s)
2026-03-13 12:17:41,063 - ingest.youtube_downloader - INFO - Downloading: 77.4% (1.2 MB/s)
2026-03-13 12:17:41,064 - ingest.youtube_downloader - INFO - Downloading: 77.4% (2.2 MB/s)
2026-03-13 12:17:41,066 - ingest.youtube_downloader - INFO - Downloading: 77.4% (3.8 MB/s)
2026-03-13 12:17:41,075 - ingest.youtube_downloader - INFO - Downloading: 77.4% (3.6 MB/s)
2026-03-13 12:17:41,088 - ingest.youtube_downloader - INFO - Downloading: 77.5% (4.1 MB/s)
2026-03-13 12:17:41,120 - ingest.youtube_downloader - INFO - Downloading: 77.5% (4.0 MB/s)
2026-03-13 12:17:41,190 - ingest.youtube_downloader - INFO - Downloading: 77.7% (3.8 MB/s)
2026-03-13 12:17:41,290 - ingest.youtube_downloader - INFO - Downloading: 78.0% (4.3 MB/s)
2026-03-13 12:17:41,500 - ingest.youtube_downloader - INFO - Downloading: 78.7% (4.5 MB/s)
2026-03-13 12:17:41,833 - ingest.youtube_downloader - INFO - Downloading: 80.0% (5.2 MB/s)
2026-03-13 12:17:42,542 - ingest.youtube_downloader - INFO - Downloading: 82.7% (5.4 MB/s)
2026-03-13 12:17:42,831 - ingest.youtube_downloader - INFO - Downloading: 83.9% (5.6 MB/s)
2026-03-13 12:17:42,899 - ingest.youtube_downloader - INFO - Downloading: 83.9% (1.0 MB/s)
2026-03-13 12:17:42,900 - ingest.youtube_downloader - INFO - Downloading: 83.9% (1.0 MB/s)
2026-03-13 12:17:42,903 - ingest.youtube_downloader - INFO - Downloading: 83.9% (1.5 MB/s)
2026-03-13 12:17:42,905 - ingest.youtube_downloader - INFO - Downloading: 83.9% (2.1 MB/s)
2026-03-13 12:17:42,906 - ingest.youtube_downloader - INFO - Downloading: 83.9% (3.2 MB/s)
2026-03-13 12:17:42,917 - ingest.youtube_downloader - INFO - Downloading: 83.9% (3.3 MB/s)
2026-03-13 12:17:42,933 - ingest.youtube_downloader - INFO - Downloading: 84.0% (3.5 MB/s)
2026-03-13 12:17:42,953 - ingest.youtube_downloader - INFO - Downloading: 84.1% (4.5 MB/s)
2026-03-13 12:17:43,000 - ingest.youtube_downloader - INFO - Downloading: 84.2% (4.9 MB/s)
2026-03-13 12:17:43,090 - ingest.youtube_downloader - INFO - Downloading: 84.6% (5.2 MB/s)
2026-03-13 12:17:43,269 - ingest.youtube_downloader - INFO - Downloading: 85.2% (5.4 MB/s)
2026-03-13 12:17:43,640 - ingest.youtube_downloader - INFO - Downloading: 86.5% (5.4 MB/s)
2026-03-13 12:17:44,398 - ingest.youtube_downloader - INFO - Downloading: 89.2% (5.3 MB/s)
2026-03-13 12:17:44,671 - ingest.youtube_downloader - INFO - Downloading: 90.2% (5.4 MB/s)
2026-03-13 12:17:44,800 - ingest.youtube_downloader - INFO - Downloading: 90.2% (0.5 MB/s)
2026-03-13 12:17:44,801 - ingest.youtube_downloader - INFO - Downloading: 90.2% (0.9 MB/s)
2026-03-13 12:17:44,805 - ingest.youtube_downloader - INFO - Downloading: 90.2% (1.1 MB/s)
2026-03-13 12:17:44,807 - ingest.youtube_downloader - INFO - Downloading: 90.2% (1.7 MB/s)
2026-03-13 12:17:44,811 - ingest.youtube_downloader - INFO - Downloading: 90.2% (2.5 MB/s)
2026-03-13 12:17:44,812 - ingest.youtube_downloader - INFO - Downloading: 90.2% (4.2 MB/s)
2026-03-13 12:17:44,828 - ingest.youtube_downloader - INFO - Downloading: 90.3% (4.1 MB/s)
2026-03-13 12:17:44,869 - ingest.youtube_downloader - INFO - Downloading: 90.4% (3.5 MB/s)
2026-03-13 12:17:44,918 - ingest.youtube_downloader - INFO - Downloading: 90.5% (4.2 MB/s)
2026-03-13 12:17:45,004 - ingest.youtube_downloader - INFO - Downloading: 90.9% (4.9 MB/s)
2026-03-13 12:17:45,151 - ingest.youtube_downloader - INFO - Downloading: 91.5% (5.7 MB/s)
2026-03-13 12:17:45,477 - ingest.youtube_downloader - INFO - Downloading: 92.8% (5.9 MB/s)
2026-03-13 12:17:46,113 - ingest.youtube_downloader - INFO - Downloading: 95.5% (6.1 MB/s)
2026-03-13 12:17:46,347 - ingest.youtube_downloader - INFO - Downloading: 96.5% (6.2 MB/s)
2026-03-13 12:17:46,431 - ingest.youtube_downloader - INFO - Downloading: 96.5% (0.3 MB/s)
2026-03-13 12:17:46,433 - ingest.youtube_downloader - INFO - Downloading: 96.5% (0.5 MB/s)
2026-03-13 12:17:46,435 - ingest.youtube_downloader - INFO - Downloading: 96.5% (0.9 MB/s)
2026-03-13 12:17:46,439 - ingest.youtube_downloader - INFO - Downloading: 96.5% (1.4 MB/s)
2026-03-13 12:17:46,441 - ingest.youtube_downloader - INFO - Downloading: 96.5% (2.2 MB/s)
2026-03-13 12:17:46,446 - ingest.youtube_downloader - INFO - Downloading: 96.5% (3.2 MB/s)
2026-03-13 12:17:46,460 - ingest.youtube_downloader - INFO - Downloading: 96.6% (3.8 MB/s)
2026-03-13 12:17:46,482 - ingest.youtube_downloader - INFO - Downloading: 96.7% (4.7 MB/s)
2026-03-13 12:17:46,524 - ingest.youtube_downloader - INFO - Downloading: 96.8% (5.2 MB/s)
2026-03-13 12:17:46,619 - ingest.youtube_downloader - INFO - Downloading: 97.2% (5.2 MB/s)
2026-03-13 12:17:46,783 - ingest.youtube_downloader - INFO - Downloading: 97.8% (5.6 MB/s)
2026-03-13 12:17:47,117 - ingest.youtube_downloader - INFO - Downloading: 99.1% (5.8 MB/s)
2026-03-13 12:17:47,412 - ingest.youtube_downloader - INFO - Downloading: 100.0% (5.4 MB/s)
2026-03-13 12:17:47,417 - ingest.youtube_downloader - INFO - Download finished, converting to MP4...
2026-03-13 12:17:47,600 - ingest.ingest_worker - INFO - Step 5/5: Saving to Firestore and queueing...
2026-03-13 12:17:47,637 - ingest.ingest_worker - INFO - 
============================================================
2026-03-13 12:17:47,669 - ingest.ingest_worker - INFO - Video ID: 4KDE7NMshvI
2026-03-13 12:17:47,672 - ingest.ingest_worker - INFO - ============================================================

2026-03-13 12:17:47,792 - __main__ - INFO - GET /status/4KDE7NMshvI
2026-03-13 12:17:49,788 - __main__ - INFO - GET /status/4KDE7NMshvI
2026-03-13 12:17:51,777 - __main__ - INFO - GET /status/4KDE7NMshvI
2026-03-13 12:17:53,789 - __main__ - INFO - GET /status/4KDE7NMshvI
2026-03-13 12:17:55,788 - __main__ - INFO - GET /status/4KDE7NMshvI
2026-03-13 12:17:57,787 - __main__ - INFO - GET /status/4KDE7NMshvI
2026-03-13 12:17:59,784 - __main__ - INFO - GET /status/4KDE7NMshvI
2026-03-13 12:18:01,786 - __main__ - INFO - GET /status/4KDE7NMshvI
2026-03-13 12:18:03,785 - __main__ - INFO - GET /status/4KDE7NMshvI
2026-03-13 12:18:05,788 - __main__ - INFO - GET /status/4KDE7NMshvI
2026-03-13 12:18:07,787 - __main__ - INFO - GET /status/4KDE7NMshvI
2026-03-13 12:18:09,787 - __main__ - INFO - GET /status/4KDE7NMshvI
2026-03-13 12:18:11,790 - __main__ - INFO - GET /status/4KDE7NMshvI
2026-03-13 12:18:13,786 - __main__ - INFO - GET /status/4KDE7NMshvI
2026-03-13 12:18:15,787 - __main__ - INFO - GET /status/4KDE7NMshvI
2026-03-13 12:18:17,788 - __main__ - INFO - GET /status/4KDE7NMshvI
2026-03-13 12:18:19,788 - __main__ - INFO - GET /status/4KDE7NMshvI
2026-03-13 12:18:21,788 - __main__ - INFO - GET /status/4KDE7NMshvI
2026-03-13 12:18:23,788 - __main__ - INFO - GET /status/4KDE7NMshvI
2026-03-13 12:18:25,776 - __main__ - INFO - GET /status/4KDE7NMshvI
2026-03-13 12:18:27,777 - __main__ - INFO - GET /status/4KDE7NMshvI
2026-03-13 12:18:29,784 - __main__ - INFO - GET /status/4KDE7NMshvI
2026-03-13 12:18:31,785 - __main__ - INFO - GET /status/4KDE7NMshvI
2026-03-13 12:18:33,788 - __main__ - INFO - GET /status/4KDE7NMshvI
2026-03-13 12:18:35,784 - __main__ - INFO - GET /status/4KDE7NMshvI
2026-03-13 12:18:37,787 - __main__ - INFO - GET /status/4KDE7NMshvI
2026-03-13 12:18:39,777 - __main__ - INFO - GET /status/4KDE7NMshvI
2026-03-13 12:18:41,790 - __main__ - INFO - GET /status/4KDE7NMshvI
2026-03-13 12:18:43,786 - __main__ - INFO - GET /status/4KDE7NMshvI
2026-03-13 12:18:45,786 - __main__ - INFO - GET /status/4KDE7NMshvI
2026-03-13 12:18:47,786 - __main__ - INFO - GET /status/4KDE7NMshvI
2026-03-13 12:18:49,786 - __main__ - INFO - GET /status/4KDE7NMshvI
2026-03-13 12:18:51,786 - __main__ - INFO - GET /status/4KDE7NMshvI
2026-03-13 12:18:53,786 - __main__ - INFO - GET /status/4KDE7NMshvI
2026-03-13 12:18:55,775 - __main__ - INFO - GET /status/4KDE7NMshvI
2026-03-13 12:18:57,799 - __main__ - INFO - GET /status/4KDE7NMshvI
2026-03-13 12:18:59,785 - __main__ - INFO - GET /status/4KDE7NMshvI
2026-03-13 12:19:01,784 - __main__ - INFO - GET /status/4KDE7NMshvI
2026-03-13 12:19:03,785 - __main__ - INFO - GET /status/4KDE7NMshvI
2026-03-13 12:19:05,787 - __main__ - INFO - GET /status/4KDE7NMshvI
2026-03-13 12:19:07,784 - __main__ - INFO - GET /status/4KDE7NMshvI
2026-03-13 12:19:09,785 - __main__ - INFO - GET /status/4KDE7NMshvI
2026-03-13 12:19:11,780 - __main__ - INFO - GET /status/4KDE7NMshvI
2026-03-13 12:19:13,784 - __main__ - INFO - GET /status/4KDE7NMshvI
2026-03-13 12:19:17,789 - __main__ - INFO - GET /status/4KDE7NMshvI
2026-03-13 12:19:19,788 - __main__ - INFO - GET /status/4KDE7NMshvI
2026-03-13 12:19:21,784 - __main__ - INFO - GET /status/4KDE7NMshvI
2026-03-13 12:19:23,783 - __main__ - INFO - GET /status/4KDE7NMshvI
2026-03-13 12:19:25,786 - __main__ - INFO - GET /status/4KDE7NMshvI
2026-03-13 12:19:27,780 - __main__ - INFO - GET /status/4KDE7NMshvI
2026-03-13 12:19:29,786 - __main__ - INFO - GET /status/4KDE7NMshvI
2026-03-13 12:19:31,785 - __main__ - INFO - GET /status/4KDE7NMshvI
2026-03-13 12:19:33,786 - __main__ - INFO - GET /status/4KDE7NMshvI
2026-03-13 12:19:35,786 - __main__ - INFO - GET /status/4KDE7NMshvI
2026-03-13 12:19:37,785 - __main__ - INFO - GET /status/4KDE7NMshvI
2026-03-13 12:19:39,784 - __main__ - INFO - GET /status/4KDE7NMshvI
2026-03-13 12:19:41,785 - __main__ - INFO - GET /status/4KDE7NMshvI
2026-03-13 12:19:43,784 - __main__ - INFO - GET /status/4KDE7NMshvI
2026-03-13 12:19:45,776 - __main__ - INFO - GET /status/4KDE7NMshvI
2026-03-13 12:19:47,780 - __main__ - INFO - GET /status/4KDE7NMshvI
2026-03-13 12:19:49,784 - __main__ - INFO - GET /status/4KDE7NMshvI
2026-03-13 12:19:51,784 - __main__ - INFO - GET /status/4KDE7NMshvI
2026-03-13 12:19:53,783 - __main__ - INFO - GET /status/4KDE7NMshvI
2026-03-13 12:19:55,787 - __main__ - INFO - GET /status/4KDE7NMshvI
2026-03-13 12:19:57,786 - __main__ - INFO - GET /status/4KDE7NMshvI
2026-03-13 12:19:59,785 - __main__ - INFO - GET /status/4KDE7NMshvI
2026-03-13 12:20:01,783 - __main__ - INFO - GET /status/4KDE7NMshvI
2026-03-13 12:20:03,785 - __main__ - INFO - GET /status/4KDE7NMshvI
2026-03-13 12:20:05,782 - __main__ - INFO - GET /status/4KDE7NMshvI
2026-03-13 12:20:07,785 - __main__ - INFO - GET /status/4KDE7NMshvI
2026-03-13 12:20:09,785 - __main__ - INFO - GET /status/4KDE7NMshvI
2026-03-13 12:20:11,786 - __main__ - INFO - GET /status/4KDE7NMshvI
2026-03-13 12:20:13,778 - __main__ - INFO - GET /status/4KDE7NMshvI
2026-03-13 12:20:15,790 - __main__ - INFO - GET /status/4KDE7NMshvI
2026-03-13 12:20:17,789 - __main__ - INFO - GET /status/4KDE7NMshvI
2026-03-13 12:20:19,783 - __main__ - INFO - GET /status/4KDE7NMshvI
2026-03-13 12:20:21,785 - __main__ - INFO - GET /status/4KDE7NMshvI
2026-03-13 12:20:23,788 - __main__ - INFO - GET /status/4KDE7NMshvI
2026-03-13 12:20:25,787 - __main__ - INFO - GET /status/4KDE7NMshvI
2026-03-13 12:20:27,786 - __main__ - INFO - GET /status/4KDE7NMshvI
2026-03-13 12:20:29,779 - __main__ - INFO - GET /status/4KDE7NMshvI
2026-03-13 12:20:31,790 - __main__ - INFO - GET /status/4KDE7NMshvI
2026-03-13 12:20:33,777 - __main__ - INFO - GET /status/4KDE7NMshvI
2026-03-13 12:20:35,785 - __main__ - INFO - GET /status/4KDE7NMshvI
2026-03-13 12:20:37,783 - __main__ - INFO - GET /status/4KDE7NMshvI
2026-03-13 12:20:39,783 - __main__ - INFO - GET /status/4KDE7NMshvI
2026-03-13 12:20:41,839 - __main__ - INFO - GET /status/4KDE7NMshvI
2026-03-13 12:20:43,790 - __main__ - INFO - GET /status/4KDE7NMshvI
2026-03-13 12:20:45,779 - __main__ - INFO - GET /status/4KDE7NMshvI
2026-03-13 12:20:47,781 - __main__ - INFO - GET /status/4KDE7NMshvI
2026-03-13 12:20:49,781 - __main__ - INFO - GET /status/4KDE7NMshvI
2026-03-13 12:20:51,783 - __main__ - INFO - GET /status/4KDE7NMshvI
2026-03-13 12:20:53,790 - __main__ - INFO - GET /status/4KDE7NMshvI
2026-03-13 12:20:55,780 - __main__ - INFO - GET /status/4KDE7NMshvI
2026-03-13 12:20:57,783 - __main__ - INFO - GET /status/4KDE7NMshvI
2026-03-13 12:20:59,790 - __main__ - INFO - GET /status/4KDE7NMshvI
2026-03-13 12:21:01,789 - __main__ - INFO - GET /status/4KDE7NMshvI
2026-03-13 12:21:03,784 - __main__ - INFO - GET /status/4KDE7NMshvI
2026-03-13 12:21:05,784 - __main__ - INFO - GET /status/4KDE7NMshvI
2026-03-13 12:21:07,789 - __main__ - INFO - GET /status/4KDE7NMshvI
2026-03-13 12:21:09,783 - __main__ - INFO - GET /status/4KDE7NMshvI
2026-03-13 12:21:11,785 - __main__ - INFO - GET /status/4KDE7NMshvI
2026-03-13 12:21:13,785 - __main__ - INFO - GET /status/4KDE7NMshvI
2026-03-13 12:21:15,778 - __main__ - INFO - GET /status/4KDE7NMshvI
2026-03-13 12:21:17,782 - __main__ - INFO - GET /status/4KDE7NMshvI
2026-03-13 12:21:19,783 - __main__ - INFO - GET /status/4KDE7NMshvI
2026-03-13 12:21:21,789 - __main__ - INFO - GET /status/4KDE7NMshvI
2026-03-13 12:21:23,941 - __main__ - INFO - GET /status/4KDE7NMshvI
2026-03-13 12:21:25,955 - __main__ - INFO - GET /status/4KDE7NMshvI
2026-03-13 12:21:27,775 - __main__ - INFO - GET /status/4KDE7NMshvI
2026-03-13 12:21:29,775 - __main__ - INFO - GET /status/4KDE7NMshvI
2026-03-13 12:21:30,484 - __main__ - INFO - POST /ingest - URL: https://www.youtube.com/watch?v=4KDE7NMshvI
2026-03-13 12:21:30,494 - __main__ - INFO - Extracted video_id: 4KDE7NMshvI
2026-03-13 12:21:30,495 - __main__ - INFO - Starting ingestion for video_id: 4KDE7NMshvI
2026-03-13 12:21:30,498 - ingest.ingest_worker - INFO - 
============================================================
2026-03-13 12:21:30,498 - ingest.ingest_worker - INFO - Starting ingestion for: https://www.youtube.com/watch?v=4KDE7NMshvI
2026-03-13 12:21:30,499 - ingest.ingest_worker - INFO - ============================================================
2026-03-13 12:21:30,500 - ingest.ingest_worker - INFO - Step 1/5: Extracting video ID...
2026-03-13 12:21:30,586 - ingest.ingest_worker - INFO - Step 2/5: Fetching metadata...
2026-03-13 12:21:30,590 - ingest.youtube_downloader - INFO - Fetching video info for: https://www.youtube.com/watch?v=4KDE7NMshvI
2026-03-13 12:21:33,551 - ingest.ingest_worker - INFO - Step 3/5: Parsing football metadata...
2026-03-13 12:21:33,551 - ingest.youtube_metadata - INFO - Parsing metadata for title: CFP National Championship: Miami Hurricanes vs. Indiana Hoosiers | Full Game Hig...
2026-03-13 12:21:33,554 - ingest.youtube_metadata - INFO - Parsed metadata: Teams=Miami Hurricanes vs Indiana Hoosiers, Year=None, Level=college
2026-03-13 12:21:33,555 - ingest.ingest_worker - INFO -   Teams: Miami Hurricanes vs Indiana Hoosiers
2026-03-13 12:21:33,556 - ingest.ingest_worker - INFO -   Year: None
2026-03-13 12:21:33,556 - ingest.ingest_worker - INFO -   Level: college
2026-03-13 12:21:33,556 - ingest.ingest_worker - INFO - Step 4/5: Downloading video...
2026-03-13 12:21:33,562 - ingest.youtube_downloader - INFO - Starting download from https://www.youtube.com/watch?v=4KDE7NMshvI
2026-03-13 12:21:33,563 - ingest.youtube_downloader - INFO - Output path: raw_videos\youtube_4KDE7NMshvI_20260313_122133.mp4
2026-03-13 12:21:33,563 - ingest.youtube_downloader - INFO - Download attempt 1/3
2026-03-13 12:21:36,430 - ingest.youtube_downloader - INFO - Downloading: 0.0% (0.4 MB/s)
2026-03-13 12:21:36,433 - ingest.youtube_downloader - INFO - Downloading: 0.0% (0.5 MB/s)
2026-03-13 12:21:36,435 - ingest.youtube_downloader - INFO - Downloading: 0.0% (0.9 MB/s)
2026-03-13 12:21:36,438 - ingest.youtube_downloader - INFO - Downloading: 0.0% (1.3 MB/s)
2026-03-13 12:21:36,442 - ingest.youtube_downloader - INFO - Downloading: 0.0% (2.2 MB/s)
2026-03-13 12:21:36,450 - ingest.youtube_downloader - INFO - Downloading: 0.0% (2.7 MB/s)
2026-03-13 12:21:36,472 - ingest.youtube_downloader - INFO - Downloading: 0.1% (2.8 MB/s)
2026-03-13 12:21:36,484 - ingest.youtube_downloader - INFO - Downloading: 0.2% (4.4 MB/s)
2026-03-13 12:21:36,520 - ingest.youtube_downloader - INFO - Downloading: 0.3% (5.4 MB/s)
2026-03-13 12:21:36,575 - ingest.youtube_downloader - INFO - Downloading: 0.7% (6.8 MB/s)
2026-03-13 12:21:36,687 - ingest.youtube_downloader - INFO - Downloading: 1.3% (7.7 MB/s)
2026-03-13 12:21:36,925 - ingest.youtube_downloader - INFO - Downloading: 2.6% (8.0 MB/s)
2026-03-13 12:21:37,316 - ingest.youtube_downloader - INFO - Downloading: 5.3% (9.0 MB/s)
2026-03-13 12:21:37,539 - ingest.youtube_downloader - INFO - Downloading: 6.5% (8.8 MB/s)
2026-03-13 12:21:37,632 - ingest.youtube_downloader - INFO - Downloading: 6.5% (0.1 MB/s)
2026-03-13 12:21:37,633 - ingest.youtube_downloader - INFO - Downloading: 6.5% (0.3 MB/s)
2026-03-13 12:21:37,634 - ingest.youtube_downloader - INFO - Downloading: 6.5% (0.5 MB/s)
2026-03-13 12:21:37,635 - ingest.youtube_downloader - INFO - Downloading: 6.5% (1.0 MB/s)
2026-03-13 12:21:37,637 - ingest.youtube_downloader - INFO - Downloading: 6.5% (2.0 MB/s)
2026-03-13 12:21:37,646 - ingest.youtube_downloader - INFO - Downloading: 6.5% (2.5 MB/s)
2026-03-13 12:21:37,667 - ingest.youtube_downloader - INFO - Downloading: 6.5% (2.8 MB/s)
2026-03-13 12:21:37,689 - ingest.youtube_downloader - INFO - Downloading: 6.6% (3.7 MB/s)
2026-03-13 12:21:37,716 - ingest.youtube_downloader - INFO - Downloading: 6.8% (5.3 MB/s)
2026-03-13 12:21:37,780 - ingest.youtube_downloader - INFO - Downloading: 7.1% (6.3 MB/s)
2026-03-13 12:21:37,890 - ingest.youtube_downloader - INFO - Downloading: 7.8% (7.5 MB/s)
2026-03-13 12:21:38,114 - ingest.youtube_downloader - INFO - Downloading: 9.1% (8.1 MB/s)
2026-03-13 12:21:38,617 - ingest.youtube_downloader - INFO - Downloading: 11.7% (8.0 MB/s)
2026-03-13 12:21:38,786 - ingest.youtube_downloader - INFO - Downloading: 12.8% (8.2 MB/s)
2026-03-13 12:21:38,887 - ingest.youtube_downloader - INFO - Downloading: 12.8%
2026-03-13 12:21:38,888 - ingest.youtube_downloader - INFO - Downloading: 12.8% (1.6 MB/s)
2026-03-13 12:21:38,889 - ingest.youtube_downloader - INFO - Downloading: 12.8% (2.4 MB/s)
2026-03-13 12:21:38,890 - ingest.youtube_downloader - INFO - Downloading: 12.8% (3.8 MB/s)
2026-03-13 12:21:38,891 - ingest.youtube_downloader - INFO - Downloading: 12.8% (6.1 MB/s)
2026-03-13 12:21:38,902 - ingest.youtube_downloader - INFO - Downloading: 12.8% (4.0 MB/s)
2026-03-13 12:21:38,918 - ingest.youtube_downloader - INFO - Downloading: 12.9% (4.5 MB/s)
2026-03-13 12:21:38,928 - ingest.youtube_downloader - INFO - Downloading: 12.9% (6.1 MB/s)
2026-03-13 12:21:38,961 - ingest.youtube_downloader - INFO - Downloading: 13.1% (6.8 MB/s)
2026-03-13 12:21:39,020 - ingest.youtube_downloader - INFO - Downloading: 13.4% (7.5 MB/s)
2026-03-13 12:21:39,126 - ingest.youtube_downloader - INFO - Downloading: 14.1% (8.4 MB/s)
2026-03-13 12:21:39,317 - ingest.youtube_downloader - INFO - Downloading: 15.4% (9.3 MB/s)
2026-03-13 12:21:39,706 - ingest.youtube_downloader - INFO - Downloading: 18.1% (9.8 MB/s)
2026-03-13 12:21:39,854 - ingest.youtube_downloader - INFO - Downloading: 19.1% (9.9 MB/s)
2026-03-13 12:21:39,935 - ingest.youtube_downloader - INFO - Downloading: 19.1% (0.3 MB/s)
2026-03-13 12:21:39,936 - ingest.youtube_downloader - INFO - Downloading: 19.1% (0.7 MB/s)
2026-03-13 12:21:39,937 - ingest.youtube_downloader - INFO - Downloading: 19.1% (1.3 MB/s)
2026-03-13 12:21:39,938 - ingest.youtube_downloader - INFO - Downloading: 19.1% (2.4 MB/s)
2026-03-13 12:21:39,945 - ingest.youtube_downloader - INFO - Downloading: 19.1% (2.6 MB/s)
2026-03-13 12:21:39,961 - ingest.youtube_downloader - INFO - Downloading: 19.1% (2.2 MB/s)
2026-03-13 12:21:39,977 - ingest.youtube_downloader - INFO - Downloading: 19.2% (2.8 MB/s)
2026-03-13 12:21:39,992 - ingest.youtube_downloader - INFO - Downloading: 19.3% (4.2 MB/s)
2026-03-13 12:21:40,031 - ingest.youtube_downloader - INFO - Downloading: 19.4% (5.1 MB/s)
2026-03-13 12:21:40,084 - ingest.youtube_downloader - INFO - Downloading: 19.8% (6.6 MB/s)
2026-03-13 12:21:40,191 - ingest.youtube_downloader - INFO - Downloading: 20.4% (7.7 MB/s)
2026-03-13 12:21:40,458 - ingest.youtube_downloader - INFO - Downloading: 21.7% (7.6 MB/s)
2026-03-13 12:21:40,854 - ingest.youtube_downloader - INFO - Downloading: 24.4% (8.7 MB/s)
2026-03-13 12:21:41,040 - ingest.youtube_downloader - INFO - Downloading: 25.5% (8.8 MB/s)
2026-03-13 12:21:41,203 - ingest.youtube_downloader - INFO - Downloading: 25.5% (0.1 MB/s)
2026-03-13 12:21:41,205 - ingest.youtube_downloader - INFO - Downloading: 25.5% (0.3 MB/s)
2026-03-13 12:21:41,207 - ingest.youtube_downloader - INFO - Downloading: 25.5% (0.6 MB/s)
2026-03-13 12:21:41,209 - ingest.youtube_downloader - INFO - Downloading: 25.5% (1.1 MB/s)
2026-03-13 12:21:41,211 - ingest.youtube_downloader - INFO - Downloading: 25.5% (1.9 MB/s)
2026-03-13 12:21:41,217 - ingest.youtube_downloader - INFO - Downloading: 25.6% (3.0 MB/s)
2026-03-13 12:21:41,224 - ingest.youtube_downloader - INFO - Downloading: 25.6% (4.4 MB/s)
2026-03-13 12:21:41,244 - ingest.youtube_downloader - INFO - Downloading: 25.7% (5.2 MB/s)
2026-03-13 12:21:41,275 - ingest.youtube_downloader - INFO - Downloading: 25.8% (6.3 MB/s)
2026-03-13 12:21:41,329 - ingest.youtube_downloader - INFO - Downloading: 26.2% (7.5 MB/s)
2026-03-13 12:21:41,443 - ingest.youtube_downloader - INFO - Downloading: 26.8% (8.1 MB/s)
2026-03-13 12:21:41,643 - ingest.youtube_downloader - INFO - Downloading: 28.2% (8.9 MB/s)
2026-03-13 12:21:42,050 - ingest.youtube_downloader - INFO - Downloading: 30.8% (9.4 MB/s)
2026-03-13 12:21:42,215 - ingest.youtube_downloader - INFO - Downloading: 31.9% (9.5 MB/s)
2026-03-13 12:21:42,324 - ingest.youtube_downloader - INFO - Downloading: 31.9% (0.6 MB/s)
2026-03-13 12:21:42,326 - ingest.youtube_downloader - INFO - Downloading: 31.9% (0.7 MB/s)
2026-03-13 12:21:42,328 - ingest.youtube_downloader - INFO - Downloading: 31.9% (1.2 MB/s)
2026-03-13 12:21:42,331 - ingest.youtube_downloader - INFO - Downloading: 31.9% (1.8 MB/s)
2026-03-13 12:21:42,334 - ingest.youtube_downloader - INFO - Downloading: 31.9% (2.8 MB/s)
2026-03-13 12:21:42,339 - ingest.youtube_downloader - INFO - Downloading: 31.9% (3.7 MB/s)
2026-03-13 12:21:42,356 - ingest.youtube_downloader - INFO - Downloading: 32.0% (3.8 MB/s)
2026-03-13 12:21:42,382 - ingest.youtube_downloader - INFO - Downloading: 32.1% (4.4 MB/s)
2026-03-13 12:21:42,411 - ingest.youtube_downloader - INFO - Downloading: 32.2% (5.6 MB/s)
2026-03-13 12:21:42,458 - ingest.youtube_downloader - INFO - Downloading: 32.6% (7.4 MB/s)
2026-03-13 12:21:42,575 - ingest.youtube_downloader - INFO - Downloading: 33.2% (7.9 MB/s)
2026-03-13 12:21:42,769 - ingest.youtube_downloader - INFO - Downloading: 34.5% (9.0 MB/s)
2026-03-13 12:21:43,161 - ingest.youtube_downloader - INFO - Downloading: 37.2% (9.5 MB/s)
2026-03-13 12:21:43,330 - ingest.youtube_downloader - INFO - Downloading: 38.4% (9.8 MB/s)
2026-03-13 12:21:43,483 - ingest.youtube_downloader - INFO - Downloading: 38.4%
2026-03-13 12:21:43,486 - ingest.youtube_downloader - INFO - Downloading: 38.4% (0.9 MB/s)
2026-03-13 12:21:43,488 - ingest.youtube_downloader - INFO - Downloading: 38.4% (1.1 MB/s)
2026-03-13 12:21:43,491 - ingest.youtube_downloader - INFO - Downloading: 38.4% (1.7 MB/s)
2026-03-13 12:21:43,494 - ingest.youtube_downloader - INFO - Downloading: 38.4% (2.6 MB/s)
2026-03-13 12:21:43,500 - ingest.youtube_downloader - INFO - Downloading: 38.4% (3.7 MB/s)
2026-03-13 12:21:43,508 - ingest.youtube_downloader - INFO - Downloading: 38.5% (4.9 MB/s)
2026-03-13 12:21:43,523 - ingest.youtube_downloader - INFO - Downloading: 38.6% (6.0 MB/s)
2026-03-13 12:21:43,555 - ingest.youtube_downloader - INFO - Downloading: 38.7% (6.9 MB/s)
2026-03-13 12:21:43,611 - ingest.youtube_downloader - INFO - Downloading: 39.1% (7.8 MB/s)
2026-03-13 12:21:43,709 - ingest.youtube_downloader - INFO - Downloading: 39.7% (8.8 MB/s)
2026-03-13 12:21:43,919 - ingest.youtube_downloader - INFO - Downloading: 41.1% (9.2 MB/s)
2026-03-13 12:21:44,295 - ingest.youtube_downloader - INFO - Downloading: 43.7% (9.8 MB/s)
2026-03-13 12:21:44,509 - ingest.youtube_downloader - INFO - Downloading: 44.8% (9.5 MB/s)
2026-03-13 12:21:44,646 - ingest.youtube_downloader - INFO - Downloading: 44.8% (0.2 MB/s)
2026-03-13 12:21:44,648 - ingest.youtube_downloader - INFO - Downloading: 44.8% (0.4 MB/s)
2026-03-13 12:21:44,650 - ingest.youtube_downloader - INFO - Downloading: 44.9% (0.7 MB/s)
2026-03-13 12:21:44,652 - ingest.youtube_downloader - INFO - Downloading: 44.9% (1.3 MB/s)
2026-03-13 12:21:44,654 - ingest.youtube_downloader - INFO - Downloading: 44.9% (2.2 MB/s)
2026-03-13 12:21:44,656 - ingest.youtube_downloader - INFO - Downloading: 44.9% (4.0 MB/s)
2026-03-13 12:21:44,674 - ingest.youtube_downloader - INFO - Downloading: 44.9% (3.7 MB/s)
2026-03-13 12:21:44,687 - ingest.youtube_downloader - INFO - Downloading: 45.0% (5.4 MB/s)
2026-03-13 12:21:44,710 - ingest.youtube_downloader - INFO - Downloading: 45.2% (7.3 MB/s)
2026-03-13 12:21:44,795 - ingest.youtube_downloader - INFO - Downloading: 45.5% (6.5 MB/s)
2026-03-13 12:21:44,905 - ingest.youtube_downloader - INFO - Downloading: 46.2% (7.6 MB/s)
2026-03-13 12:21:45,155 - ingest.youtube_downloader - INFO - Downloading: 47.5% (7.8 MB/s)
2026-03-13 12:21:45,621 - ingest.youtube_downloader - INFO - Downloading: 50.1% (8.2 MB/s)
2026-03-13 12:21:45,838 - ingest.youtube_downloader - INFO - Downloading: 51.4% (8.3 MB/s)
2026-03-13 12:21:46,018 - ingest.youtube_downloader - INFO - Downloading: 51.4% (0.9 MB/s)
2026-03-13 12:21:46,020 - ingest.youtube_downloader - INFO - Downloading: 51.4% (0.9 MB/s)
2026-03-13 12:21:46,022 - ingest.youtube_downloader - INFO - Downloading: 51.4% (1.3 MB/s)
2026-03-13 12:21:46,024 - ingest.youtube_downloader - INFO - Downloading: 51.4% (2.0 MB/s)
2026-03-13 12:21:46,026 - ingest.youtube_downloader - INFO - Downloading: 51.4% (3.3 MB/s)
2026-03-13 12:21:46,031 - ingest.youtube_downloader - INFO - Downloading: 51.5% (4.4 MB/s)
2026-03-13 12:21:46,044 - ingest.youtube_downloader - INFO - Downloading: 51.5% (4.5 MB/s)
2026-03-13 12:21:46,064 - ingest.youtube_downloader - INFO - Downloading: 51.6% (5.4 MB/s)
2026-03-13 12:21:46,109 - ingest.youtube_downloader - INFO - Downloading: 51.7% (5.4 MB/s)
2026-03-13 12:21:46,227 - ingest.youtube_downloader - INFO - Downloading: 52.1% (4.8 MB/s)
2026-03-13 12:21:46,430 - ingest.youtube_downloader - INFO - Downloading: 52.7% (4.8 MB/s)
2026-03-13 12:21:46,759 - ingest.youtube_downloader - INFO - Downloading: 54.1% (5.4 MB/s)
2026-03-13 12:21:47,185 - ingest.youtube_downloader - INFO - Downloading: 56.7% (6.8 MB/s)
2026-03-13 12:21:47,330 - ingest.youtube_downloader - INFO - Downloading: 57.7% (7.3 MB/s)
2026-03-13 12:21:47,464 - ingest.youtube_downloader - INFO - Downloading: 57.7%
2026-03-13 12:21:47,466 - ingest.youtube_downloader - INFO - Downloading: 57.7% (0.6 MB/s)
2026-03-13 12:21:47,469 - ingest.youtube_downloader - INFO - Downloading: 57.7% (0.9 MB/s)
2026-03-13 12:21:47,471 - ingest.youtube_downloader - INFO - Downloading: 57.7% (1.5 MB/s)
2026-03-13 12:21:47,474 - ingest.youtube_downloader - INFO - Downloading: 57.7% (2.5 MB/s)
2026-03-13 12:21:47,482 - ingest.youtube_downloader - INFO - Downloading: 57.7% (3.1 MB/s)
2026-03-13 12:21:47,499 - ingest.youtube_downloader - INFO - Downloading: 57.8% (3.4 MB/s)
2026-03-13 12:21:47,519 - ingest.youtube_downloader - INFO - Downloading: 57.9% (4.3 MB/s)
2026-03-13 12:21:47,542 - ingest.youtube_downloader - INFO - Downloading: 58.0% (6.2 MB/s)
2026-03-13 12:21:47,592 - ingest.youtube_downloader - INFO - Downloading: 58.4% (7.7 MB/s)
2026-03-13 12:21:47,715 - ingest.youtube_downloader - INFO - Downloading: 59.0% (7.9 MB/s)
2026-03-13 12:21:47,926 - ingest.youtube_downloader - INFO - Downloading: 60.3% (8.6 MB/s)
2026-03-13 12:21:48,351 - ingest.youtube_downloader - INFO - Downloading: 63.0% (9.0 MB/s)
2026-03-13 12:21:48,500 - ingest.youtube_downloader - INFO - Downloading: 64.0% (9.2 MB/s)
2026-03-13 12:21:48,642 - ingest.youtube_downloader - INFO - Downloading: 64.0% (0.1 MB/s)
2026-03-13 12:21:48,644 - ingest.youtube_downloader - INFO - Downloading: 64.0% (0.3 MB/s)
2026-03-13 12:21:48,647 - ingest.youtube_downloader - INFO - Downloading: 64.0% (0.6 MB/s)
2026-03-13 12:21:48,649 - ingest.youtube_downloader - INFO - Downloading: 64.0% (1.0 MB/s)
2026-03-13 12:21:48,652 - ingest.youtube_downloader - INFO - Downloading: 64.0% (1.8 MB/s)
2026-03-13 12:21:48,668 - ingest.youtube_downloader - INFO - Downloading: 64.0% (1.9 MB/s)
2026-03-13 12:21:48,678 - ingest.youtube_downloader - INFO - Downloading: 64.1% (2.9 MB/s)
2026-03-13 12:21:48,694 - ingest.youtube_downloader - INFO - Downloading: 64.2% (4.2 MB/s)
2026-03-13 12:21:48,732 - ingest.youtube_downloader - INFO - Downloading: 64.3% (5.2 MB/s)
2026-03-13 12:21:48,784 - ingest.youtube_downloader - INFO - Downloading: 64.6% (6.7 MB/s)
2026-03-13 12:21:48,902 - ingest.youtube_downloader - INFO - Downloading: 65.3% (7.5 MB/s)
2026-03-13 12:21:49,130 - ingest.youtube_downloader - INFO - Downloading: 66.6% (8.1 MB/s)
2026-03-13 12:21:49,591 - ingest.youtube_downloader - INFO - Downloading: 69.3% (8.4 MB/s)
2026-03-13 12:21:49,787 - ingest.youtube_downloader - INFO - Downloading: 70.3% (8.4 MB/s)
2026-03-13 12:21:49,968 - ingest.youtube_downloader - INFO - Downloading: 70.3% (0.5 MB/s)
2026-03-13 12:21:49,971 - ingest.youtube_downloader - INFO - Downloading: 70.3% (0.7 MB/s)
2026-03-13 12:21:49,972 - ingest.youtube_downloader - INFO - Downloading: 70.3% (1.1 MB/s)
2026-03-13 12:21:49,975 - ingest.youtube_downloader - INFO - Downloading: 70.4% (1.8 MB/s)
2026-03-13 12:21:49,977 - ingest.youtube_downloader - INFO - Downloading: 70.4% (2.8 MB/s)
2026-03-13 12:21:49,983 - ingest.youtube_downloader - INFO - Downloading: 70.4% (3.8 MB/s)
2026-03-13 12:21:49,993 - ingest.youtube_downloader - INFO - Downloading: 70.4% (4.7 MB/s)
2026-03-13 12:21:50,017 - ingest.youtube_downloader - INFO - Downloading: 70.5% (4.9 MB/s)
2026-03-13 12:21:50,047 - ingest.youtube_downloader - INFO - Downloading: 70.7% (6.3 MB/s)
2026-03-13 12:21:50,091 - ingest.youtube_downloader - INFO - Downloading: 71.0% (8.1 MB/s)
2026-03-13 12:21:50,183 - ingest.youtube_downloader - INFO - Downloading: 71.7% (9.3 MB/s)
2026-03-13 12:21:50,370 - ingest.youtube_downloader - INFO - Downloading: 73.0% (9.9 MB/s)
2026-03-13 12:21:50,770 - ingest.youtube_downloader - INFO - Downloading: 75.6% (10.0 MB/s)
2026-03-13 12:21:50,952 - ingest.youtube_downloader - INFO - Downloading: 76.8% (10.0 MB/s)
2026-03-13 12:21:51,095 - ingest.youtube_downloader - INFO - Downloading: 76.8%
2026-03-13 12:21:51,096 - ingest.youtube_downloader - INFO - Downloading: 76.8% (2.1 MB/s)
2026-03-13 12:21:51,098 - ingest.youtube_downloader - INFO - Downloading: 76.9% (2.7 MB/s)
2026-03-13 12:21:51,099 - ingest.youtube_downloader - INFO - Downloading: 76.9% (3.1 MB/s)
2026-03-13 12:21:51,101 - ingest.youtube_downloader - INFO - Downloading: 76.9% (5.0 MB/s)
2026-03-13 12:21:51,109 - ingest.youtube_downloader - INFO - Downloading: 76.9% (4.3 MB/s)
2026-03-13 12:21:51,121 - ingest.youtube_downloader - INFO - Downloading: 76.9% (4.7 MB/s)
2026-03-13 12:21:51,138 - ingest.youtube_downloader - INFO - Downloading: 77.0% (5.8 MB/s)
2026-03-13 12:21:51,168 - ingest.youtube_downloader - INFO - Downloading: 77.2% (6.9 MB/s)
2026-03-13 12:21:51,212 - ingest.youtube_downloader - INFO - Downloading: 77.5% (8.6 MB/s)
2026-03-13 12:21:51,316 - ingest.youtube_downloader - INFO - Downloading: 78.2% (9.1 MB/s)
2026-03-13 12:21:51,528 - ingest.youtube_downloader - INFO - Downloading: 79.5% (9.2 MB/s)
2026-03-13 12:21:51,991 - ingest.youtube_downloader - INFO - Downloading: 82.1% (8.9 MB/s)
2026-03-13 12:21:52,139 - ingest.youtube_downloader - INFO - Downloading: 83.2% (9.3 MB/s)
2026-03-13 12:21:52,278 - ingest.youtube_downloader - INFO - Downloading: 83.3% (0.1 MB/s)
2026-03-13 12:21:52,281 - ingest.youtube_downloader - INFO - Downloading: 83.3% (0.3 MB/s)
2026-03-13 12:21:52,284 - ingest.youtube_downloader - INFO - Downloading: 83.3% (0.5 MB/s)
2026-03-13 12:21:52,287 - ingest.youtube_downloader - INFO - Downloading: 83.3% (0.9 MB/s)
2026-03-13 12:21:52,290 - ingest.youtube_downloader - INFO - Downloading: 83.3% (1.5 MB/s)
2026-03-13 12:21:52,296 - ingest.youtube_downloader - INFO - Downloading: 83.3% (2.5 MB/s)
2026-03-13 12:21:52,319 - ingest.youtube_downloader - INFO - Downloading: 83.3% (2.5 MB/s)
2026-03-13 12:21:52,337 - ingest.youtube_downloader - INFO - Downloading: 83.4% (3.7 MB/s)
2026-03-13 12:21:52,368 - ingest.youtube_downloader - INFO - Downloading: 83.6% (5.1 MB/s)
2026-03-13 12:21:52,415 - ingest.youtube_downloader - INFO - Downloading: 83.9% (6.9 MB/s)
2026-03-13 12:21:52,522 - ingest.youtube_downloader - INFO - Downloading: 84.6% (7.9 MB/s)
2026-03-13 12:21:52,727 - ingest.youtube_downloader - INFO - Downloading: 85.9% (8.8 MB/s)
2026-03-13 12:21:53,130 - ingest.youtube_downloader - INFO - Downloading: 88.5% (9.3 MB/s)
2026-03-13 12:21:53,304 - ingest.youtube_downloader - INFO - Downloading: 89.8% (9.6 MB/s)
2026-03-13 12:21:53,451 - ingest.youtube_downloader - INFO - Downloading: 89.8% (0.2 MB/s)
2026-03-13 12:21:53,453 - ingest.youtube_downloader - INFO - Downloading: 89.8% (0.4 MB/s)
2026-03-13 12:21:53,458 - ingest.youtube_downloader - INFO - Downloading: 89.8% (0.6 MB/s)
2026-03-13 12:21:53,464 - ingest.youtube_downloader - INFO - Downloading: 89.8% (1.0 MB/s)
2026-03-13 12:21:53,470 - ingest.youtube_downloader - INFO - Downloading: 89.8% (1.3 MB/s)
2026-03-13 12:21:53,474 - ingest.youtube_downloader - INFO - Downloading: 89.8% (2.2 MB/s)
2026-03-13 12:21:53,479 - ingest.youtube_downloader - INFO - Downloading: 89.9% (3.9 MB/s)
2026-03-13 12:21:53,504 - ingest.youtube_downloader - INFO - Downloading: 89.9% (4.3 MB/s)
2026-03-13 12:21:53,525 - ingest.youtube_downloader - INFO - Downloading: 90.1% (6.3 MB/s)
2026-03-13 12:21:53,592 - ingest.youtube_downloader - INFO - Downloading: 90.4% (6.8 MB/s)
2026-03-13 12:21:53,700 - ingest.youtube_downloader - INFO - Downloading: 91.1% (7.9 MB/s)
2026-03-13 12:21:53,988 - ingest.youtube_downloader - INFO - Downloading: 92.4% (7.4 MB/s)
2026-03-13 12:21:54,481 - ingest.youtube_downloader - INFO - Downloading: 95.1% (7.7 MB/s)
2026-03-13 12:21:54,662 - ingest.youtube_downloader - INFO - Downloading: 96.2% (8.0 MB/s)
2026-03-13 12:21:54,831 - ingest.youtube_downloader - INFO - Downloading: 96.2% (0.1 MB/s)
2026-03-13 12:21:54,833 - ingest.youtube_downloader - INFO - Downloading: 96.2% (0.2 MB/s)
2026-03-13 12:21:54,836 - ingest.youtube_downloader - INFO - Downloading: 96.2% (0.3 MB/s)
2026-03-13 12:21:54,839 - ingest.youtube_downloader - INFO - Downloading: 96.2% (0.6 MB/s)
2026-03-13 12:21:54,842 - ingest.youtube_downloader - INFO - Downloading: 96.2% (1.2 MB/s)
2026-03-13 12:21:54,854 - ingest.youtube_downloader - INFO - Downloading: 96.2% (1.6 MB/s)
2026-03-13 12:21:54,877 - ingest.youtube_downloader - INFO - Downloading: 96.3% (2.0 MB/s)
2026-03-13 12:21:54,915 - ingest.youtube_downloader - INFO - Downloading: 96.4% (2.6 MB/s)
2026-03-13 12:21:54,983 - ingest.youtube_downloader - INFO - Downloading: 96.5% (3.0 MB/s)
2026-03-13 12:21:55,111 - ingest.youtube_downloader - INFO - Downloading: 96.9% (3.4 MB/s)
2026-03-13 12:21:55,553 - ingest.youtube_downloader - INFO - Downloading: 97.5% (2.7 MB/s)
2026-03-13 12:21:56,272 - ingest.youtube_downloader - INFO - Downloading: 98.8% (2.7 MB/s)
2026-03-13 12:21:56,815 - ingest.youtube_downloader - INFO - Downloading: 100.0% (2.9 MB/s)
2026-03-13 12:21:56,819 - ingest.youtube_downloader - INFO - Download finished, converting to MP4...
2026-03-13 12:21:56,947 - ingest.ingest_worker - INFO - Step 5/5: Saving to Firestore and queueing...
2026-03-13 12:21:56,974 - ingest.ingest_worker - INFO - 
============================================================
2026-03-13 12:21:57,006 - ingest.ingest_worker - INFO - Video ID: 4KDE7NMshvI
2026-03-13 12:21:57,007 - ingest.ingest_worker - INFO - ============================================================

2026-03-13 12:21:57,049 - __main__ - INFO - GET /status/4KDE7NMshvI
2026-03-13 12:21:57,054 - __main__ - INFO - GET /status/4KDE7NMshvI
2026-03-13 12:21:57,056 - __main__ - INFO - GET /status/4KDE7NMshvI
2026-03-13 12:21:57,059 - __main__ - INFO - GET /status/4KDE7NMshvI
2026-03-13 12:21:57,062 - __main__ - INFO - GET /status/4KDE7NMshvI
2026-03-13 12:21:57,066 - __main__ - INFO - GET /status/4KDE7NMshvI
2026-03-13 12:21:57,073 - __main__ - INFO - GET /status/4KDE7NMshvI
2026-03-13 12:21:57,076 - __main__ - INFO - GET /status/4KDE7NMshvI
2026-03-13 12:21:57,079 - __main__ - INFO - GET /status/4KDE7NMshvI
2026-03-13 12:21:57,082 - __main__ - INFO - GET /status/4KDE7NMshvI
2026-03-13 12:21:57,085 - __main__ - INFO - GET /status/4KDE7NMshvI
2026-03-13 12:21:57,089 - __main__ - INFO - GET /status/4KDE7NMshvI
2026-03-13 12:21:57,092 - __main__ - INFO - GET /status/4KDE7NMshvI
2026-03-13 12:21:57,093 - __main__ - INFO - GET /status/4KDE7NMshvI
2026-03-13 12:21:58,696 - __main__ - INFO - POST /ingest - URL: https://www.youtube.com/watch?v=4KDE7NMshvI
2026-03-13 12:21:58,697 - __main__ - INFO - Extracted video_id: 4KDE7NMshvI
2026-03-13 12:21:58,698 - __main__ - INFO - Starting ingestion for video_id: 4KDE7NMshvI
2026-03-13 12:21:58,698 - ingest.ingest_worker - INFO - 
============================================================
2026-03-13 12:21:58,699 - ingest.ingest_worker - INFO - Starting ingestion for: https://www.youtube.com/watch?v=4KDE7NMshvI
2026-03-13 12:21:58,700 - ingest.ingest_worker - INFO - ============================================================
2026-03-13 12:21:58,701 - ingest.ingest_worker - INFO - Step 1/5: Extracting video ID...
2026-03-13 12:21:58,730 - ingest.ingest_worker - INFO - Step 2/5: Fetching metadata...
2026-03-13 12:21:58,731 - ingest.youtube_downloader - INFO - Fetching video info for: https://www.youtube.com/watch?v=4KDE7NMshvI
2026-03-13 12:22:01,121 - ingest.ingest_worker - INFO - Step 3/5: Parsing football metadata...
2026-03-13 12:22:01,122 - ingest.youtube_metadata - INFO - Parsing metadata for title: CFP National Championship: Miami Hurricanes vs. Indiana Hoosiers | Full Game Hig...
2026-03-13 12:22:01,124 - ingest.youtube_metadata - INFO - Parsed metadata: Teams=Miami Hurricanes vs Indiana Hoosiers, Year=None, Level=college
2026-03-13 12:22:01,125 - ingest.ingest_worker - INFO -   Teams: Miami Hurricanes vs Indiana Hoosiers
2026-03-13 12:22:01,126 - ingest.ingest_worker - INFO -   Year: None
2026-03-13 12:22:01,127 - ingest.ingest_worker - INFO -   Level: college
2026-03-13 12:22:01,128 - ingest.ingest_worker - INFO - Step 4/5: Downloading video...
2026-03-13 12:22:01,140 - ingest.youtube_downloader - INFO - Starting download from https://www.youtube.com/watch?v=4KDE7NMshvI
2026-03-13 12:22:01,141 - ingest.youtube_downloader - INFO - Output path: raw_videos\youtube_4KDE7NMshvI_20260313_122201.mp4
2026-03-13 12:22:01,142 - ingest.youtube_downloader - INFO - Download attempt 1/3
2026-03-13 12:22:03,615 - ingest.youtube_downloader - INFO - Downloading: 0.0% (0.2 MB/s)
2026-03-13 12:22:03,616 - ingest.youtube_downloader - INFO - Downloading: 0.0% (0.5 MB/s)
2026-03-13 12:22:03,617 - ingest.youtube_downloader - INFO - Downloading: 0.0% (1.0 MB/s)
2026-03-13 12:22:03,618 - ingest.youtube_downloader - INFO - Downloading: 0.0% (1.8 MB/s)
2026-03-13 12:22:03,619 - ingest.youtube_downloader - INFO - Downloading: 0.0% (3.4 MB/s)
2026-03-13 12:22:03,631 - ingest.youtube_downloader - INFO - Downloading: 0.0% (3.1 MB/s)
2026-03-13 12:22:03,648 - ingest.youtube_downloader - INFO - Downloading: 0.1% (3.3 MB/s)
2026-03-13 12:22:03,674 - ingest.youtube_downloader - INFO - Downloading: 0.2% (3.9 MB/s)
2026-03-13 12:22:03,711 - ingest.youtube_downloader - INFO - Downloading: 0.3% (5.0 MB/s)
2026-03-13 12:22:03,785 - ingest.youtube_downloader - INFO - Downloading: 0.7% (5.7 MB/s)
2026-03-13 12:22:03,935 - ingest.youtube_downloader - INFO - Downloading: 1.3% (6.2 MB/s)
2026-03-13 12:22:04,294 - ingest.youtube_downloader - INFO - Downloading: 2.6% (5.9 MB/s)
2026-03-13 12:22:04,975 - ingest.youtube_downloader - INFO - Downloading: 5.3% (5.9 MB/s)
2026-03-13 12:22:05,374 - ingest.youtube_downloader - INFO - Downloading: 6.4% (5.5 MB/s)
2026-03-13 12:22:05,457 - ingest.youtube_downloader - INFO - Downloading: 6.4% (0.1 MB/s)
2026-03-13 12:22:05,458 - ingest.youtube_downloader - INFO - Downloading: 6.4% (0.2 MB/s)
2026-03-13 12:22:05,460 - ingest.youtube_downloader - INFO - Downloading: 6.4% (0.4 MB/s)
2026-03-13 12:22:05,461 - ingest.youtube_downloader - INFO - Downloading: 6.5% (0.9 MB/s)
2026-03-13 12:22:05,462 - ingest.youtube_downloader - INFO - Downloading: 6.5% (1.7 MB/s)
2026-03-13 12:22:05,471 - ingest.youtube_downloader - INFO - Downloading: 6.5% (2.3 MB/s)
2026-03-13 12:22:05,482 - ingest.youtube_downloader - INFO - Downloading: 6.5% (3.3 MB/s)
2026-03-13 12:22:05,507 - ingest.youtube_downloader - INFO - Downloading: 6.6% (4.0 MB/s)
2026-03-13 12:22:05,551 - ingest.youtube_downloader - INFO - Downloading: 6.8% (4.7 MB/s)
2026-03-13 12:22:05,643 - ingest.youtube_downloader - INFO - Downloading: 7.1% (5.1 MB/s)
2026-03-13 12:22:05,832 - ingest.youtube_downloader - INFO - Downloading: 7.8% (5.6 MB/s)
2026-03-13 12:22:06,122 - ingest.youtube_downloader - INFO - Downloading: 9.1% (5.9 MB/s)
2026-03-13 12:22:07,069 - ingest.youtube_downloader - INFO - Downloading: 11.7% (4.9 MB/s)
2026-03-13 12:22:07,406 - ingest.youtube_downloader - INFO - Downloading: 13.0% (5.0 MB/s)
2026-03-13 12:22:07,477 - ingest.youtube_downloader - INFO - Downloading: 13.0%
2026-03-13 12:22:07,480 - ingest.youtube_downloader - INFO - Downloading: 13.0% (0.9 MB/s)
2026-03-13 12:22:07,482 - ingest.youtube_downloader - INFO - Downloading: 13.0% (1.2 MB/s)
2026-03-13 12:22:07,483 - ingest.youtube_downloader - INFO - Downloading: 13.0% (2.1 MB/s)
2026-03-13 12:22:07,486 - ingest.youtube_downloader - INFO - Downloading: 13.0% (3.3 MB/s)
2026-03-13 12:22:07,500 - ingest.youtube_downloader - INFO - Downloading: 13.0% (2.6 MB/s)
2026-03-13 12:22:07,516 - ingest.youtube_downloader - INFO - Downloading: 13.0% (3.2 MB/s)
2026-03-13 12:22:07,553 - ingest.youtube_downloader - INFO - Downloading: 13.1% (3.3 MB/s)
2026-03-13 12:22:07,598 - ingest.youtube_downloader - INFO - Downloading: 13.3% (4.1 MB/s)
2026-03-13 12:22:07,698 - ingest.youtube_downloader - INFO - Downloading: 13.6% (4.5 MB/s)
2026-03-13 12:22:07,877 - ingest.youtube_downloader - INFO - Downloading: 14.3% (5.0 MB/s)
2026-03-13 12:22:08,230 - ingest.youtube_downloader - INFO - Downloading: 15.6% (5.3 MB/s)
2026-03-13 12:22:08,944 - ingest.youtube_downloader - INFO - Downloading: 18.2% (5.5 MB/s)
2026-03-13 12:22:09,211 - ingest.youtube_downloader - INFO - Downloading: 19.3% (5.5 MB/s)
2026-03-13 12:22:09,290 - ingest.youtube_downloader - INFO - Downloading: 19.3% (0.4 MB/s)
2026-03-13 12:22:09,291 - ingest.youtube_downloader - INFO - Downloading: 19.3% (0.8 MB/s)
2026-03-13 12:22:09,292 - ingest.youtube_downloader - INFO - Downloading: 19.3% (1.5 MB/s)
2026-03-13 12:22:09,293 - ingest.youtube_downloader - INFO - Downloading: 19.3% (2.4 MB/s)
2026-03-13 12:22:09,295 - ingest.youtube_downloader - INFO - Downloading: 19.3% (4.0 MB/s)
2026-03-13 12:22:09,304 - ingest.youtube_downloader - INFO - Downloading: 19.3% (3.6 MB/s)
2026-03-13 12:22:09,332 - ingest.youtube_downloader - INFO - Downloading: 19.4% (2.9 MB/s)
2026-03-13 12:22:09,346 - ingest.youtube_downloader - INFO - Downloading: 19.5% (4.3 MB/s)
2026-03-13 12:22:09,384 - ingest.youtube_downloader - INFO - Downloading: 19.6% (5.2 MB/s)
2026-03-13 12:22:09,456 - ingest.youtube_downloader - INFO - Downloading: 20.0% (5.9 MB/s)
2026-03-13 12:22:09,612 - ingest.youtube_downloader - INFO - Downloading: 20.6% (6.2 MB/s)
2026-03-13 12:22:09,978 - ingest.youtube_downloader - INFO - Downloading: 21.9% (5.8 MB/s)
2026-03-13 12:22:10,676 - ingest.youtube_downloader - INFO - Downloading: 24.6% (5.8 MB/s)
2026-03-13 12:22:10,930 - ingest.youtube_downloader - INFO - Downloading: 25.7% (5.9 MB/s)
2026-03-13 12:22:11,007 - ingest.youtube_downloader - INFO - Downloading: 25.7% (0.2 MB/s)
2026-03-13 12:22:11,007 - ingest.youtube_downloader - INFO - Downloading: 25.7% (0.6 MB/s)
2026-03-13 12:22:11,008 - ingest.youtube_downloader - INFO - Downloading: 25.7% (1.2 MB/s)
2026-03-13 12:22:11,008 - ingest.youtube_downloader - INFO - Downloading: 25.7% (2.4 MB/s)
2026-03-13 12:22:11,013 - ingest.youtube_downloader - INFO - Downloading: 25.7% (2.9 MB/s)
2026-03-13 12:22:11,030 - ingest.youtube_downloader - INFO - Downloading: 25.8% (2.2 MB/s)
2026-03-13 12:22:11,052 - ingest.youtube_downloader - INFO - Downloading: 25.8% (2.5 MB/s)
2026-03-13 12:22:11,104 - ingest.youtube_downloader - INFO - Downloading: 25.9% (2.5 MB/s)
2026-03-13 12:22:11,157 - ingest.youtube_downloader - INFO - Downloading: 26.0% (3.2 MB/s)
2026-03-13 12:22:11,265 - ingest.youtube_downloader - INFO - Downloading: 26.4% (3.8 MB/s)
2026-03-13 12:22:11,430 - ingest.youtube_downloader - INFO - Downloading: 27.0% (4.7 MB/s)
2026-03-13 12:22:11,802 - ingest.youtube_downloader - INFO - Downloading: 28.4% (5.0 MB/s)
2026-03-13 12:22:12,582 - ingest.youtube_downloader - INFO - Downloading: 31.0% (5.1 MB/s)
2026-03-13 12:22:12,982 - ingest.youtube_downloader - INFO - Downloading: 32.3% (5.0 MB/s)
2026-03-13 12:22:13,040 - ingest.youtube_downloader - INFO - Downloading: 32.3% (0.2 MB/s)
2026-03-13 12:22:13,041 - ingest.youtube_downloader - INFO - Downloading: 32.3% (0.6 MB/s)
2026-03-13 12:22:13,041 - ingest.youtube_downloader - INFO - Downloading: 32.3% (1.2 MB/s)
2026-03-13 12:22:13,041 - ingest.youtube_downloader - INFO - Downloading: 32.3% (2.4 MB/s)
2026-03-13 12:22:13,042 - ingest.youtube_downloader - INFO - Downloading: 32.3% (4.7 MB/s)
2026-03-13 12:22:13,051 - ingest.youtube_downloader - INFO - Downloading: 32.3% (4.1 MB/s)
2026-03-13 12:22:13,065 - ingest.youtube_downloader - INFO - Downloading: 32.4% (4.3 MB/s)
2026-03-13 12:22:13,090 - ingest.youtube_downloader - INFO - Downloading: 32.4% (4.6 MB/s)
2026-03-13 12:22:13,133 - ingest.youtube_downloader - INFO - Downloading: 32.6% (5.1 MB/s)
2026-03-13 12:22:13,217 - ingest.youtube_downloader - INFO - Downloading: 32.9% (5.5 MB/s)
2026-03-13 12:22:13,371 - ingest.youtube_downloader - INFO - Downloading: 33.6% (6.0 MB/s)
2026-03-13 12:22:13,692 - ingest.youtube_downloader - INFO - Downloading: 34.9% (6.1 MB/s)
2026-03-13 12:22:14,396 - ingest.youtube_downloader - INFO - Downloading: 37.6% (5.9 MB/s)
2026-03-13 12:22:14,659 - ingest.youtube_downloader - INFO - Downloading: 38.7% (6.0 MB/s)
2026-03-13 12:22:14,716 - ingest.youtube_downloader - INFO - Downloading: 38.7% (0.2 MB/s)
2026-03-13 12:22:14,716 - ingest.youtube_downloader - INFO - Downloading: 38.7% (0.5 MB/s)
2026-03-13 12:22:14,717 - ingest.youtube_downloader - INFO - Downloading: 38.7% (1.0 MB/s)
2026-03-13 12:22:14,718 - ingest.youtube_downloader - INFO - Downloading: 38.7% (2.0 MB/s)
2026-03-13 12:22:14,721 - ingest.youtube_downloader - INFO - Downloading: 38.7% (2.9 MB/s)
2026-03-13 12:22:14,727 - ingest.youtube_downloader - INFO - Downloading: 38.7% (3.8 MB/s)
2026-03-13 12:22:14,747 - ingest.youtube_downloader - INFO - Downloading: 38.7% (3.5 MB/s)
2026-03-13 12:22:14,766 - ingest.youtube_downloader - INFO - Downloading: 38.8% (4.5 MB/s)
2026-03-13 12:22:14,805 - ingest.youtube_downloader - INFO - Downloading: 39.0% (5.3 MB/s)
2026-03-13 12:22:14,895 - ingest.youtube_downloader - INFO - Downloading: 39.3% (5.4 MB/s)
2026-03-13 12:22:15,106 - ingest.youtube_downloader - INFO - Downloading: 40.0% (5.1 MB/s)
2026-03-13 12:22:15,437 - ingest.youtube_downloader - INFO - Downloading: 41.3% (5.5 MB/s)
2026-03-13 12:22:16,149 - ingest.youtube_downloader - INFO - Downloading: 43.9% (5.6 MB/s)
2026-03-13 12:22:16,426 - ingest.youtube_downloader - INFO - Downloading: 45.0% (5.6 MB/s)
2026-03-13 12:22:16,490 - ingest.youtube_downloader - INFO - Downloading: 45.0% (0.3 MB/s)
2026-03-13 12:22:16,490 - ingest.youtube_downloader - INFO - Downloading: 45.0% (0.7 MB/s)
2026-03-13 12:22:16,491 - ingest.youtube_downloader - INFO - Downloading: 45.0% (1.5 MB/s)
2026-03-13 12:22:16,491 - ingest.youtube_downloader - INFO - Downloading: 45.0% (2.9 MB/s)
2026-03-13 12:22:16,492 - ingest.youtube_downloader - INFO - Downloading: 45.0% (5.4 MB/s)
2026-03-13 12:22:16,501 - ingest.youtube_downloader - INFO - Downloading: 45.1% (4.1 MB/s)
2026-03-13 12:22:16,515 - ingest.youtube_downloader - INFO - Downloading: 45.1% (4.5 MB/s)
2026-03-13 12:22:16,536 - ingest.youtube_downloader - INFO - Downloading: 45.2% (5.0 MB/s)
2026-03-13 12:22:16,574 - ingest.youtube_downloader - INFO - Downloading: 45.4% (5.7 MB/s)
2026-03-13 12:22:16,688 - ingest.youtube_downloader - INFO - Downloading: 45.7% (5.0 MB/s)
2026-03-13 12:22:16,896 - ingest.youtube_downloader - INFO - Downloading: 46.3% (4.9 MB/s)
2026-03-13 12:22:17,286 - ingest.youtube_downloader - INFO - Downloading: 47.7% (5.0 MB/s)
2026-03-13 12:22:17,951 - ingest.youtube_downloader - INFO - Downloading: 50.3% (5.5 MB/s)
2026-03-13 12:22:18,267 - ingest.youtube_downloader - INFO - Downloading: 51.6% (5.6 MB/s)
2026-03-13 12:22:18,335 - ingest.youtube_downloader - INFO - Downloading: 51.6% (0.6 MB/s)
2026-03-13 12:22:18,335 - ingest.youtube_downloader - INFO - Downloading: 51.6% (1.2 MB/s)
2026-03-13 12:22:18,336 - ingest.youtube_downloader - INFO - Downloading: 51.6% (2.2 MB/s)
2026-03-13 12:22:18,337 - ingest.youtube_downloader - INFO - Downloading: 51.6% (4.1 MB/s)
2026-03-13 12:22:18,337 - ingest.youtube_downloader - INFO - Downloading: 51.6% (6.7 MB/s)
2026-03-13 12:22:18,351 - ingest.youtube_downloader - INFO - Downloading: 51.6% (3.4 MB/s)
2026-03-13 12:22:18,366 - ingest.youtube_downloader - INFO - Downloading: 51.7% (3.8 MB/s)
2026-03-13 12:22:18,385 - ingest.youtube_downloader - INFO - Downloading: 51.8% (4.8 MB/s)
2026-03-13 12:22:18,432 - ingest.youtube_downloader - INFO - Downloading: 51.9% (5.1 MB/s)
2026-03-13 12:22:18,546 - ingest.youtube_downloader - INFO - Downloading: 52.3% (4.7 MB/s)
2026-03-13 12:22:18,760 - ingest.youtube_downloader - INFO - Downloading: 52.9% (4.7 MB/s)
2026-03-13 12:22:19,166 - ingest.youtube_downloader - INFO - Downloading: 54.2% (4.8 MB/s)
2026-03-13 12:22:19,848 - ingest.youtube_downloader - INFO - Downloading: 56.9% (5.3 MB/s)
2026-03-13 12:22:20,148 - ingest.youtube_downloader - INFO - Downloading: 58.2% (5.5 MB/s)
2026-03-13 12:22:20,209 - ingest.youtube_downloader - INFO - Downloading: 58.2% (0.3 MB/s)
2026-03-13 12:22:20,210 - ingest.youtube_downloader - INFO - Downloading: 58.2% (0.7 MB/s)
2026-03-13 12:22:20,210 - ingest.youtube_downloader - INFO - Downloading: 58.2% (1.5 MB/s)
2026-03-13 12:22:20,211 - ingest.youtube_downloader - INFO - Downloading: 58.2% (2.9 MB/s)
2026-03-13 12:22:20,212 - ingest.youtube_downloader - INFO - Downloading: 58.2% (4.9 MB/s)
2026-03-13 12:22:20,224 - ingest.youtube_downloader - INFO - Downloading: 58.2% (3.4 MB/s)
2026-03-13 12:22:20,237 - ingest.youtube_downloader - INFO - Downloading: 58.3% (3.9 MB/s)
2026-03-13 12:22:20,285 - ingest.youtube_downloader - INFO - Downloading: 58.3% (3.2 MB/s)
2026-03-13 12:22:20,342 - ingest.youtube_downloader - INFO - Downloading: 58.5% (3.7 MB/s)
2026-03-13 12:22:20,434 - ingest.youtube_downloader - INFO - Downloading: 58.8% (4.4 MB/s)
2026-03-13 12:22:20,600 - ingest.youtube_downloader - INFO - Downloading: 59.5% (5.1 MB/s)
2026-03-13 12:22:20,923 - ingest.youtube_downloader - INFO - Downloading: 60.8% (5.6 MB/s)
2026-03-13 12:22:21,551 - ingest.youtube_downloader - INFO - Downloading: 63.5% (5.9 MB/s)
2026-03-13 12:22:21,873 - ingest.youtube_downloader - INFO - Downloading: 64.7% (5.9 MB/s)
2026-03-13 12:22:21,923 - ingest.youtube_downloader - INFO - Downloading: 64.7% (0.2 MB/s)
2026-03-13 12:22:21,923 - ingest.youtube_downloader - INFO - Downloading: 64.7% (0.6 MB/s)
2026-03-13 12:22:21,924 - ingest.youtube_downloader - INFO - Downloading: 64.7% (1.3 MB/s)
2026-03-13 12:22:21,924 - ingest.youtube_downloader - INFO - Downloading: 64.7% (2.5 MB/s)
2026-03-13 12:22:21,925 - ingest.youtube_downloader - INFO - Downloading: 64.7% (4.7 MB/s)
2026-03-13 12:22:21,935 - ingest.youtube_downloader - INFO - Downloading: 64.7% (3.8 MB/s)
2026-03-13 12:22:21,947 - ingest.youtube_downloader - INFO - Downloading: 64.8% (4.4 MB/s)
2026-03-13 12:22:21,968 - ingest.youtube_downloader - INFO - Downloading: 64.8% (5.1 MB/s)
2026-03-13 12:22:22,016 - ingest.youtube_downloader - INFO - Downloading: 65.0% (5.1 MB/s)
2026-03-13 12:22:22,094 - ingest.youtube_downloader - INFO - Downloading: 65.3% (5.7 MB/s)
2026-03-13 12:22:22,271 - ingest.youtube_downloader - INFO - Downloading: 66.0% (5.7 MB/s)
2026-03-13 12:22:22,607 - ingest.youtube_downloader - INFO - Downloading: 67.3% (5.8 MB/s)
2026-03-13 12:22:23,363 - ingest.youtube_downloader - INFO - Downloading: 70.0% (5.5 MB/s)
2026-03-13 12:22:23,596 - ingest.youtube_downloader - INFO - Downloading: 71.0% (5.7 MB/s)
2026-03-13 12:22:23,660 - ingest.youtube_downloader - INFO - Downloading: 71.0% (0.3 MB/s)
2026-03-13 12:22:23,662 - ingest.youtube_downloader - INFO - Downloading: 71.0% (0.6 MB/s)
2026-03-13 12:22:23,663 - ingest.youtube_downloader - INFO - Downloading: 71.0% (1.1 MB/s)
2026-03-13 12:22:23,664 - ingest.youtube_downloader - INFO - Downloading: 71.0% (2.1 MB/s)
2026-03-13 12:22:23,668 - ingest.youtube_downloader - INFO - Downloading: 71.0% (2.8 MB/s)
2026-03-13 12:22:23,674 - ingest.youtube_downloader - INFO - Downloading: 71.0% (3.7 MB/s)
2026-03-13 12:22:23,689 - ingest.youtube_downloader - INFO - Downloading: 71.1% (3.9 MB/s)
2026-03-13 12:22:23,707 - ingest.youtube_downloader - INFO - Downloading: 71.2% (5.0 MB/s)
2026-03-13 12:22:23,751 - ingest.youtube_downloader - INFO - Downloading: 71.3% (5.3 MB/s)
2026-03-13 12:22:23,838 - ingest.youtube_downloader - INFO - Downloading: 71.7% (5.5 MB/s)
2026-03-13 12:22:23,999 - ingest.youtube_downloader - INFO - Downloading: 72.3% (5.8 MB/s)
2026-03-13 12:22:24,357 - ingest.youtube_downloader - INFO - Downloading: 73.6% (5.7 MB/s)
2026-03-13 12:22:25,062 - ingest.youtube_downloader - INFO - Downloading: 76.3% (5.7 MB/s)
2026-03-13 12:22:25,287 - ingest.youtube_downloader - INFO - Downloading: 77.3% (5.9 MB/s)
2026-03-13 12:22:25,370 - ingest.youtube_downloader - INFO - Downloading: 77.3% (0.3 MB/s)
2026-03-13 12:22:25,370 - ingest.youtube_downloader - INFO - Downloading: 77.3% (0.7 MB/s)
2026-03-13 12:22:25,371 - ingest.youtube_downloader - INFO - Downloading: 77.3% (1.4 MB/s)
2026-03-13 12:22:25,371 - ingest.youtube_downloader - INFO - Downloading: 77.3% (2.8 MB/s)
2026-03-13 12:22:25,372 - ingest.youtube_downloader - INFO - Downloading: 77.3% (5.2 MB/s)
2026-03-13 12:22:25,385 - ingest.youtube_downloader - INFO - Downloading: 77.3% (3.3 MB/s)
2026-03-13 12:22:25,401 - ingest.youtube_downloader - INFO - Downloading: 77.4% (3.5 MB/s)
2026-03-13 12:22:25,428 - ingest.youtube_downloader - INFO - Downloading: 77.5% (4.1 MB/s)
2026-03-13 12:22:25,465 - ingest.youtube_downloader - INFO - Downloading: 77.6% (5.1 MB/s)
2026-03-13 12:22:25,550 - ingest.youtube_downloader - INFO - Downloading: 78.0% (5.4 MB/s)
2026-03-13 12:22:25,708 - ingest.youtube_downloader - INFO - Downloading: 78.6% (5.9 MB/s)
2026-03-13 12:22:26,073 - ingest.youtube_downloader - INFO - Downloading: 79.9% (5.7 MB/s)
2026-03-13 12:22:26,726 - ingest.youtube_downloader - INFO - Downloading: 82.6% (5.9 MB/s)
2026-03-13 12:22:27,049 - ingest.youtube_downloader - INFO - Downloading: 83.7% (5.7 MB/s)
2026-03-13 12:22:27,117 - ingest.youtube_downloader - INFO - Downloading: 83.7% (0.6 MB/s)
2026-03-13 12:22:27,117 - ingest.youtube_downloader - INFO - Downloading: 83.7% (1.1 MB/s)
2026-03-13 12:22:27,118 - ingest.youtube_downloader - INFO - Downloading: 83.7% (2.1 MB/s)
2026-03-13 12:22:27,118 - ingest.youtube_downloader - INFO - Downloading: 83.7% (3.9 MB/s)
2026-03-13 12:22:27,120 - ingest.youtube_downloader - INFO - Downloading: 83.7% (5.3 MB/s)
2026-03-13 12:22:27,130 - ingest.youtube_downloader - INFO - Downloading: 83.7% (4.5 MB/s)
2026-03-13 12:22:27,147 - ingest.youtube_downloader - INFO - Downloading: 83.8% (4.0 MB/s)
2026-03-13 12:22:27,166 - ingest.youtube_downloader - INFO - Downloading: 83.8% (4.8 MB/s)
2026-03-13 12:22:27,205 - ingest.youtube_downloader - INFO - Downloading: 84.0% (5.6 MB/s)
2026-03-13 12:22:27,297 - ingest.youtube_downloader - INFO - Downloading: 84.3% (5.5 MB/s)
2026-03-13 12:22:27,481 - ingest.youtube_downloader - INFO - Downloading: 85.0% (5.5 MB/s)
2026-03-13 12:22:27,798 - ingest.youtube_downloader - INFO - Downloading: 86.3% (5.9 MB/s)
2026-03-13 12:22:28,506 - ingest.youtube_downloader - INFO - Downloading: 89.0% (5.8 MB/s)
2026-03-13 12:22:28,748 - ingest.youtube_downloader - INFO - Downloading: 89.9% (5.8 MB/s)
2026-03-13 12:22:28,825 - ingest.youtube_downloader - INFO - Downloading: 89.9% (0.2 MB/s)
2026-03-13 12:22:28,825 - ingest.youtube_downloader - INFO - Downloading: 89.9% (0.5 MB/s)
2026-03-13 12:22:28,826 - ingest.youtube_downloader - INFO - Downloading: 90.0% (1.1 MB/s)
2026-03-13 12:22:28,826 - ingest.youtube_downloader - INFO - Downloading: 90.0% (2.2 MB/s)
2026-03-13 12:22:28,827 - ingest.youtube_downloader - INFO - Downloading: 90.0% (4.0 MB/s)
2026-03-13 12:22:28,835 - ingest.youtube_downloader - INFO - Downloading: 90.0% (4.0 MB/s)
2026-03-13 12:22:28,854 - ingest.youtube_downloader - INFO - Downloading: 90.0% (3.6 MB/s)
2026-03-13 12:22:28,874 - ingest.youtube_downloader - INFO - Downloading: 90.1% (4.5 MB/s)
2026-03-13 12:22:28,917 - ingest.youtube_downloader - INFO - Downloading: 90.3% (5.2 MB/s)
2026-03-13 12:22:29,003 - ingest.youtube_downloader - INFO - Downloading: 90.6% (5.4 MB/s)
2026-03-13 12:22:29,188 - ingest.youtube_downloader - INFO - Downloading: 91.3% (5.4 MB/s)
2026-03-13 12:22:29,508 - ingest.youtube_downloader - INFO - Downloading: 92.6% (5.8 MB/s)
2026-03-13 12:22:30,173 - ingest.youtube_downloader - INFO - Downloading: 95.2% (5.9 MB/s)
2026-03-13 12:22:30,464 - ingest.youtube_downloader - INFO - Downloading: 96.3% (5.9 MB/s)
2026-03-13 12:22:30,528 - ingest.youtube_downloader - INFO - Downloading: 96.3%
2026-03-13 12:22:30,529 - ingest.youtube_downloader - INFO - Downloading: 96.3% (1.7 MB/s)
2026-03-13 12:22:30,530 - ingest.youtube_downloader - INFO - Downloading: 96.3% (2.4 MB/s)
2026-03-13 12:22:30,531 - ingest.youtube_downloader - INFO - Downloading: 96.3% (3.9 MB/s)
2026-03-13 12:22:30,532 - ingest.youtube_downloader - INFO - Downloading: 96.4% (6.7 MB/s)
2026-03-13 12:22:30,568 - ingest.youtube_downloader - INFO - Downloading: 96.4% (1.5 MB/s)
2026-03-13 12:22:30,587 - ingest.youtube_downloader - INFO - Downloading: 96.4% (2.1 MB/s)
2026-03-13 12:22:30,613 - ingest.youtube_downloader - INFO - Downloading: 96.5% (2.9 MB/s)
2026-03-13 12:22:30,658 - ingest.youtube_downloader - INFO - Downloading: 96.7% (3.8 MB/s)
2026-03-13 12:22:30,730 - ingest.youtube_downloader - INFO - Downloading: 97.0% (4.9 MB/s)
2026-03-13 12:22:30,900 - ingest.youtube_downloader - INFO - Downloading: 97.7% (5.4 MB/s)
2026-03-13 12:22:31,214 - ingest.youtube_downloader - INFO - Downloading: 99.0% (5.8 MB/s)
2026-03-13 12:22:31,441 - ingest.youtube_downloader - INFO - Downloading: 100.0% (6.1 MB/s)
2026-03-13 12:22:31,442 - ingest.youtube_downloader - INFO - Download finished, converting to MP4...
2026-03-13 12:22:31,473 - ingest.ingest_worker - INFO - Step 5/5: Saving to Firestore and queueing...
2026-03-13 12:22:31,479 - ingest.ingest_worker - INFO - 
============================================================
2026-03-13 12:22:31,486 - ingest.ingest_worker - INFO - Video ID: 4KDE7NMshvI
2026-03-13 12:22:31,486 - ingest.ingest_worker - INFO - ============================================================

2026-03-13 12:22:31,497 - __main__ - INFO - GET /status/4KDE7NMshvI
2026-03-13 12:22:31,498 - __main__ - INFO - GET /status/4KDE7NMshvI
2026-03-13 12:22:31,500 - __main__ - INFO - GET /status/4KDE7NMshvI
2026-03-13 12:22:31,501 - __main__ - INFO - GET /status/4KDE7NMshvI
2026-03-13 12:22:31,501 - __main__ - INFO - GET /status/4KDE7NMshvI
2026-03-13 12:22:31,502 - __main__ - INFO - GET /status/4KDE7NMshvI
2026-03-13 12:22:31,504 - __main__ - INFO - GET /status/4KDE7NMshvI
2026-03-13 12:22:31,506 - __main__ - INFO - GET /status/4KDE7NMshvI
2026-03-13 12:22:31,509 - __main__ - INFO - GET /status/4KDE7NMshvI
2026-03-13 12:22:31,511 - __main__ - INFO - GET /status/4KDE7NMshvI
2026-03-13 12:22:31,514 - __main__ - INFO - GET /status/4KDE7NMshvI
2026-03-13 12:22:31,516 - __main__ - INFO - GET /status/4KDE7NMshvI
2026-03-13 12:22:31,518 - __main__ - INFO - GET /status/4KDE7NMshvI
2026-03-13 12:22:31,520 - __main__ - INFO - GET /status/4KDE7NMshvI
2026-03-13 12:22:31,521 - __main__ - INFO - GET /status/4KDE7NMshvI
2026-03-13 12:22:31,522 - __main__ - INFO - GET /status/4KDE7NMshvI
2026-03-13 12:22:31,524 - __main__ - INFO - GET /status/4KDE7NMshvI
2026-03-13 12:22:33,949 - __main__ - INFO - GET /status/4KDE7NMshvI
2026-03-13 12:22:35,949 - __main__ - INFO - GET /status/4KDE7NMshvI
2026-03-13 12:22:37,950 - __main__ - INFO - GET /status/4KDE7NMshvI
2026-03-13 12:22:39,951 - __main__ - INFO - GET /status/4KDE7NMshvI
2026-03-13 12:22:41,948 - __main__ - INFO - GET /status/4KDE7NMshvI
2026-03-13 12:22:43,953 - __main__ - INFO - GET /status/4KDE7NMshvI
2026-03-13 12:22:45,950 - __main__ - INFO - GET /status/4KDE7NMshvI
2026-03-13 12:22:47,945 - __main__ - INFO - GET /status/4KDE7NMshvI
2026-03-13 12:22:49,948 - __main__ - INFO - GET /status/4KDE7NMshvI
2026-03-13 12:22:51,948 - __main__ - INFO - GET /status/4KDE7NMshvI
2026-03-13 12:22:53,947 - __main__ - INFO - GET /status/4KDE7NMshvI
2026-03-13 12:22:55,947 - __main__ - INFO - GET /status/4KDE7NMshvI
2026-03-13 12:22:57,948 - __main__ - INFO - GET /status/4KDE7NMshvI
2026-03-13 12:22:59,947 - __main__ - INFO - GET /status/4KDE7NMshvI
2026-03-13 12:23:01,951 - __main__ - INFO - GET /status/4KDE7NMshvI
2026-03-13 12:23:03,946 - __main__ - INFO - GET /status/4KDE7NMshvI
2026-03-13 12:23:41,264 - __main__ - INFO - GET /status/4KDE7NMshvI
2026-03-13 12:24:40,953 - __main__ - INFO - GET /status/4KDE7NMshvI
2026-03-13 12:25:41,259 - __main__ - INFO - GET /status/4KDE7NMshvI
2026-03-13 12:25:41,727 - __main__ - INFO - GET /status/4KDE7NMshvI
2026-03-13 12:25:43,509 - __main__ - INFO - GET /status/4KDE7NMshvI
2026-03-13 12:25:45,512 - __main__ - INFO - GET /status/4KDE7NMshvI
2026-03-13 12:25:47,514 - __main__ - INFO - GET /status/4KDE7NMshvI
2026-03-13 12:25:49,513 - __main__ - INFO - GET /status/4KDE7NMshvI
2026-03-13 12:25:51,515 - __main__ - INFO - GET /status/4KDE7NMshvI
2026-03-13 12:25:53,506 - __main__ - INFO - GET /status/4KDE7NMshvI
2026-03-13 12:25:55,503 - __main__ - INFO - GET /status/4KDE7NMshvI
2026-03-13 12:25:57,506 - __main__ - INFO - GET /status/4KDE7NMshvI
2026-03-13 12:25:59,514 - __main__ - INFO - GET /status/4KDE7NMshvI
2026-03-13 12:26:01,514 - __main__ - INFO - GET /status/4KDE7NMshvI
2026-03-13 12:26:03,510 - __main__ - INFO - GET /status/4KDE7NMshvI
2026-03-13 12:26:05,514 - __main__ - INFO - GET /status/4KDE7NMshvI
2026-03-13 12:26:07,514 - __main__ - INFO - GET /status/4KDE7NMshvI
2026-03-13 12:26:09,516 - __main__ - INFO - GET /status/4KDE7NMshvI
2026-03-13 12:26:11,507 - __main__ - INFO - GET /status/4KDE7NMshvI
2026-03-13 12:26:13,513 - __main__ - INFO - GET /status/4KDE7NMshvI
2026-03-13 12:26:15,512 - __main__ - INFO - GET /status/4KDE7NMshvI
2026-03-13 12:26:17,506 - __main__ - INFO - GET /status/4KDE7NMshvI
2026-03-13 12:26:19,513 - __main__ - INFO - GET /status/4KDE7NMshvI
2026-03-13 12:26:21,507 - __main__ - INFO - GET /status/4KDE7NMshvI
2026-03-13 12:26:23,506 - __main__ - INFO - GET /status/4KDE7NMshvI
2026-03-13 12:26:25,511 - __main__ - INFO - GET /status/4KDE7NMshvI
2026-03-13 12:26:27,505 - __main__ - INFO - GET /status/4KDE7NMshvI
2026-03-13 12:26:29,512 - __main__ - INFO - GET /status/4KDE7NMshvI
2026-03-13 12:26:31,512 - __main__ - INFO - GET /status/4KDE7NMshvI
2026-03-13 12:26:33,510 - __main__ - INFO - GET /status/4KDE7NMshvI
2026-03-13 12:26:35,514 - __main__ - INFO - GET /status/4KDE7NMshvI
2026-03-13 12:26:37,508 - __main__ - INFO - GET /status/4KDE7NMshvI
2026-03-13 12:26:39,513 - __main__ - INFO - GET /status/4KDE7NMshvI
2026-03-13 12:26:41,511 - __main__ - INFO - GET /status/4KDE7NMshvI
2026-03-13 12:26:43,507 - __main__ - INFO - GET /status/4KDE7NMshvI
2026-03-13 12:26:45,511 - __main__ - INFO - GET /status/4KDE7NMshvI
2026-03-13 12:26:47,512 - __main__ - INFO - GET /status/4KDE7NMshvI
2026-03-13 12:26:49,513 - __main__ - INFO - GET /status/4KDE7NMshvI
2026-03-13 12:26:51,513 - __main__ - INFO - GET /status/4KDE7NMshvI
2026-03-13 12:26:53,511 - __main__ - INFO - GET /status/4KDE7NMshvI
2026-03-13 12:26:55,507 - __main__ - INFO - GET /status/4KDE7NMshvI
2026-03-13 12:26:57,514 - __main__ - INFO - GET /status/4KDE7NMshvI
2026-03-13 12:26:59,511 - __main__ - INFO - GET /status/4KDE7NMshvI
2026-03-13 12:27:01,508 - __main__ - INFO - GET /status/4KDE7NMshvI
2026-03-13 12:27:03,508 - __main__ - INFO - GET /status/4KDE7NMshvI
2026-03-13 12:27:05,509 - __main__ - INFO - GET /status/4KDE7NMshvI
2026-03-13 12:27:07,508 - __main__ - INFO - GET /status/4KDE7NMshvI
2026-03-13 12:27:09,512 - __main__ - INFO - GET /status/4KDE7NMshvI
2026-03-13 12:27:11,511 - __main__ - INFO - GET /status/4KDE7NMshvI
2026-03-13 12:27:13,510 - __main__ - INFO - GET /status/4KDE7NMshvI
2026-03-13 12:27:15,505 - __main__ - INFO - GET /status/4KDE7NMshvI
2026-03-13 12:27:17,512 - __main__ - INFO - GET /status/4KDE7NMshvI
2026-03-13 12:27:19,511 - __main__ - INFO - GET /status/4KDE7NMshvI
2026-03-13 12:27:21,505 - __main__ - INFO - GET /status/4KDE7NMshvI
2026-03-13 12:27:23,510 - __main__ - INFO - GET /status/4KDE7NMshvI
2026-03-13 12:27:25,511 - __main__ - INFO - GET /status/4KDE7NMshvI
2026-03-13 12:27:27,511 - __main__ - INFO - GET /status/4KDE7NMshvI
2026-03-13 12:27:29,510 - __main__ - INFO - GET /status/4KDE7NMshvI
2026-03-13 12:27:31,509 - __main__ - INFO - GET /status/4KDE7NMshvI
2026-03-13 12:27:33,510 - __main__ - INFO - GET /status/4KDE7NMshvI
2026-03-13 12:27:35,516 - __main__ - INFO - GET /status/4KDE7NMshvI
2026-03-13 12:27:37,514 - __main__ - INFO - GET /status/4KDE7NMshvI
2026-03-13 12:27:39,515 - __main__ - INFO - GET /status/4KDE7NMshvI
2026-03-13 12:27:41,506 - __main__ - INFO - GET /status/4KDE7NMshvI
2026-03-13 12:27:43,509 - __main__ - INFO - GET /status/4KDE7NMshvI
2026-03-13 12:27:45,511 - __main__ - INFO - GET /status/4KDE7NMshvI
2026-03-13 12:27:47,505 - __main__ - INFO - GET /status/4KDE7NMshvI
2026-03-13 12:27:49,510 - __main__ - INFO - GET /status/4KDE7NMshvI
2026-03-13 12:27:51,507 - __main__ - INFO - GET /status/4KDE7NMshvI
2026-03-13 12:27:53,510 - __main__ - INFO - GET /status/4KDE7NMshvI
2026-03-13 12:27:55,509 - __main__ - INFO - GET /status/4KDE7NMshvI
2026-03-13 12:27:57,505 - __main__ - INFO - GET /status/4KDE7NMshvI
2026-03-13 12:27:59,506 - __main__ - INFO - GET /status/4KDE7NMshvI
2026-03-13 12:28:01,511 - __main__ - INFO - GET /status/4KDE7NMshvI
2026-03-13 12:28:03,510 - __main__ - INFO - GET /status/4KDE7NMshvI
2026-03-13 12:28:05,509 - __main__ - INFO - GET /status/4KDE7NMshvI
2026-03-13 12:28:07,517 - __main__ - INFO - GET /status/4KDE7NMshvI
2026-03-13 12:28:09,505 - __main__ - INFO - GET /status/4KDE7NMshvI
2026-03-13 12:28:11,510 - __main__ - INFO - GET /status/4KDE7NMshvI
2026-03-13 12:28:13,506 - __main__ - INFO - GET /status/4KDE7NMshvI
2026-03-13 12:28:15,955 - __main__ - INFO - GET /status/4KDE7NMshvI
2026-03-13 12:28:17,945 - __main__ - INFO - GET /status/4KDE7NMshvI
2026-03-13 12:28:19,959 - __main__ - INFO - GET /status/4KDE7NMshvI
2026-03-13 12:28:21,948 - __main__ - INFO - GET /status/4KDE7NMshvI
2026-03-13 12:28:23,955 - __main__ - INFO - GET /status/4KDE7NMshvI
2026-03-13 12:28:25,953 - __main__ - INFO - GET /status/4KDE7NMshvI
2026-03-13 12:28:27,954 - __main__ - INFO - GET /status/4KDE7NMshvI
2026-03-13 12:28:29,955 - __main__ - INFO - GET /status/4KDE7NMshvI
2026-03-13 12:28:31,956 - __main__ - INFO - GET /status/4KDE7NMshvI
2026-03-13 12:28:33,955 - __main__ - INFO - GET /status/4KDE7NMshvI
2026-03-13 12:28:35,954 - __main__ - INFO - GET /status/4KDE7NMshvI
2026-03-13 12:28:37,954 - __main__ - INFO - GET /status/4KDE7NMshvI
2026-03-13 12:28:39,954 - __main__ - INFO - GET /status/4KDE7NMshvI
2026-03-13 12:28:41,943 - __main__ - INFO - GET /status/4KDE7NMshvI
2026-03-13 12:28:43,954 - __main__ - INFO - GET /status/4KDE7NMshvI
2026-03-13 12:28:45,955 - __main__ - INFO - GET /status/4KDE7NMshvI
2026-03-13 12:28:47,954 - __main__ - INFO - GET /status/4KDE7NMshvI
2026-03-13 12:28:49,955 - __main__ - INFO - GET /status/4KDE7NMshvI
2026-03-13 12:28:51,952 - __main__ - INFO - GET /status/4KDE7NMshvI
2026-03-13 12:28:53,954 - __main__ - INFO - GET /status/4KDE7NMshvI
2026-03-13 12:28:55,953 - __main__ - INFO - GET /status/4KDE7NMshvI
2026-03-13 12:28:57,956 - __main__ - INFO - GET /status/4KDE7NMshvI
2026-03-13 12:28:59,952 - __main__ - INFO - GET /status/4KDE7NMshvI
2026-03-13 12:29:01,954 - __main__ - INFO - GET /status/4KDE7NMshvI
2026-03-13 12:29:03,952 - __main__ - INFO - GET /status/4KDE7NMshvI
2026-03-13 12:29:05,956 - __main__ - INFO - GET /status/4KDE7NMshvI
2026-03-13 12:29:07,954 - __main__ - INFO - GET /status/4KDE7NMshvI
2026-03-13 12:29:09,955 - __main__ - INFO - GET /status/4KDE7NMshvI
2026-03-13 12:29:11,952 - __main__ - INFO - GET /status/4KDE7NMshvI
2026-03-13 12:29:13,953 - __main__ - INFO - GET /status/4KDE7NMshvI
2026-03-13 12:29:41,277 - __main__ - INFO - GET /status/4KDE7NMshvI
2026-03-13 12:30:40,952 - __main__ - INFO - GET /status/4KDE7NMshvI
2026-03-13 12:31:41,326 - __main__ - INFO - GET /status/4KDE7NMshvI
2026-03-13 12:32:12,739 - __main__ - INFO - GET /status/4KDE7NMshvI
2026-03-13 12:32:13,509 - __main__ - INFO - GET /status/4KDE7NMshvI
2026-03-13 12:32:15,949 - __main__ - INFO - GET /status/4KDE7NMshvI
2026-03-13 12:32:17,949 - __main__ - INFO - GET /status/4KDE7NMshvI
2026-03-13 12:32:20,104 - __main__ - INFO - GET /status/4KDE7NMshvI
2026-03-13 12:32:21,966 - __main__ - INFO - GET /status/4KDE7NMshvI
2026-03-13 12:32:23,956 - __main__ - INFO - GET /status/4KDE7NMshvI
2026-03-13 12:32:25,945 - __main__ - INFO - GET /status/4KDE7NMshvI
2026-03-13 12:32:27,952 - __main__ - INFO - GET /status/4KDE7NMshvI
2026-03-13 12:32:29,949 - __main__ - INFO - GET /status/4KDE7NMshvI
2026-03-13 12:32:31,953 - __main__ - INFO - GET /status/4KDE7NMshvI
2026-03-13 12:32:33,950 - __main__ - INFO - GET /status/4KDE7NMshvI
2026-03-13 12:32:35,952 - __main__ - INFO - GET /status/4KDE7NMshvI
2026-03-13 12:32:37,953 - __main__ - INFO - GET /status/4KDE7NMshvI
2026-03-13 12:32:39,954 - __main__ - INFO - GET /status/4KDE7NMshvI
2026-03-13 12:32:41,950 - __main__ - INFO - GET /status/4KDE7NMshvI
2026-03-13 12:32:43,949 - __main__ - INFO - GET /status/4KDE7NMshvI
2026-03-13 12:32:45,942 - __main__ - INFO - GET /status/4KDE7NMshvI
2026-03-13 12:32:47,952 - __main__ - INFO - GET /status/4KDE7NMshvI
2026-03-13 12:32:49,946 - __main__ - INFO - GET /status/4KDE7NMshvI
2026-03-13 12:32:51,954 - __main__ - INFO - GET /status/4KDE7NMshvI
2026-03-13 12:32:53,950 - __main__ - INFO - GET /status/4KDE7NMshvI
2026-03-13 12:32:55,950 - __main__ - INFO - GET /status/4KDE7NMshvI
2026-03-13 12:32:57,952 - __main__ - INFO - GET /status/4KDE7NMshvI
2026-03-13 12:32:59,951 - __main__ - INFO - GET /status/4KDE7NMshvI
2026-03-13 12:33:01,947 - __main__ - INFO - GET /status/4KDE7NMshvI
2026-03-13 12:33:03,952 - __main__ - INFO - GET /status/4KDE7NMshvI
2026-03-13 12:33:05,951 - __main__ - INFO - GET /status/4KDE7NMshvI
2026-03-13 12:33:07,954 - __main__ - INFO - GET /status/4KDE7NMshvI
2026-03-13 12:33:09,949 - __main__ - INFO - GET /status/4KDE7NMshvI
2026-03-13 12:33:11,958 - __main__ - INFO - GET /status/4KDE7NMshvI
2026-03-13 12:33:13,951 - __main__ - INFO - GET /status/4KDE7NMshvI
2026-03-13 12:33:41,268 - __main__ - INFO - GET /status/4KDE7NMshvI
2026-03-13 12:34:40,954 - __main__ - INFO - GET /status/4KDE7NMshvI
2026-03-13 12:35:41,261 - __main__ - INFO - GET /status/4KDE7NMshvI
2026-03-13 12:36:40,955 - __main__ - INFO - GET /status/4KDE7NMshvI
2026-03-13 12:37:41,261 - __main__ - INFO - GET /status/4KDE7NMshvI
2026-03-13 12:38:40,955 - __main__ - INFO - GET /status/4KDE7NMshvI
2026-03-13 12:39:41,257 - __main__ - INFO - GET /status/4KDE7NMshvI
2026-03-13 12:40:01,073 - __main__ - INFO - ======================================================================
2026-03-13 12:40:01,073 - __main__ - INFO - TEAM-GRADE INGESTION API - SHUTTING DOWN
2026-03-13 12:40:01,074 - __main__ - INFO - ======================================================================
2026-03-13 15:34:09,760 - ingest.ingest_worker - INFO - ============================================================
2026-03-13 15:34:09,762 - ingest.ingest_worker - INFO - TEAM-GRADE Ingestion Worker Started
2026-03-13 15:34:09,762 - ingest.ingest_worker - INFO - Log file: logs\ingest.log
2026-03-13 15:34:09,763 - ingest.ingest_worker - INFO - ============================================================
2026-03-13 15:34:09,764 - ingest.youtube_downloader - INFO - Initialized downloader with output dir: raw_videos
2026-03-13 15:34:09,766 - ingest.ingest_worker - INFO - Using credentials file: C:\Users\ricky\OneDrive\Desktop\Team-Grade\TEAM-GRADE\credentials\service-account.json
2026-03-13 15:34:21,124 - ingest.firestore_client - INFO - Initializing Firestore client for project: the-bridge-athletics1
2026-03-13 15:34:21,126 - ingest.firestore_client - INFO - Credentials path: C:\Users\ricky\OneDrive\Desktop\Team-Grade\TEAM-GRADE\credentials\service-account.json
2026-03-13 15:34:22,630 - ingest.queue_manager - INFO - Queue manager initialized
2026-03-13 15:34:22,637 - ingest.firestore_client - INFO - Initializing Firestore client for project: the-bridge-athletics1
2026-03-13 15:34:22,638 - ingest.firestore_client - INFO - Credentials path: C:\Users\ricky\OneDrive\Desktop\Team-Grade\TEAM-GRADE\credentials\service-account.json
2026-03-13 15:34:23,851 - __main__ - INFO - Starting FastAPI server on http://0.0.0.0:8000
2026-03-13 15:34:23,852 - __main__ - INFO - API documentation available at http://0.0.0.0:8000/docs
2026-03-13 15:34:23,852 - __main__ - INFO - UI available at http://0.0.0.0:8000/ui/
2026-03-13 15:34:23,920 - __main__ - INFO - ======================================================================
2026-03-13 15:34:23,920 - __main__ - INFO - TEAM-GRADE INGESTION API - STARTING
2026-03-13 15:34:23,921 - __main__ - INFO - ======================================================================
2026-03-13 15:34:49,219 - __main__ - INFO - GET /status/4KDE7NMshvI
2026-03-13 15:34:49,515 - __main__ - INFO - GET /status/4KDE7NMshvI
2026-03-13 15:34:51,483 - __main__ - INFO - POST /ingest - URL: https://www.youtube.com/watch?v=4KDE7NMshvI
2026-03-13 15:34:51,485 - __main__ - INFO - Extracted video_id: 4KDE7NMshvI
2026-03-13 15:34:51,485 - __main__ - INFO - Starting ingestion for video_id: 4KDE7NMshvI
2026-03-13 15:34:51,486 - ingest.ingest_worker - INFO - 
============================================================
2026-03-13 15:34:51,486 - ingest.ingest_worker - INFO - Starting ingestion for: https://www.youtube.com/watch?v=4KDE7NMshvI
2026-03-13 15:34:51,487 - ingest.ingest_worker - INFO - ============================================================
2026-03-13 15:34:51,487 - ingest.ingest_worker - INFO - Step 1/5: Extracting video ID...
2026-03-13 15:34:51,608 - ingest.firestore_client - WARNING - Video metadata not found: 4KDE7NMshvI
2026-03-13 15:34:51,608 - ingest.ingest_worker - INFO - Step 2/5: Fetching metadata...
2026-03-13 15:34:51,809 - ingest.youtube_downloader - INFO - Fetching video info for: https://www.youtube.com/watch?v=4KDE7NMshvI
2026-03-13 15:34:54,531 - ingest.ingest_worker - INFO - Step 3/5: Parsing football metadata...
2026-03-13 15:34:54,531 - ingest.youtube_metadata - INFO - Parsing metadata for title: CFP National Championship: Miami Hurricanes vs. Indiana Hoosiers | Full Game Hig...
2026-03-13 15:34:54,533 - ingest.youtube_metadata - INFO - Parsed metadata: Teams=Miami Hurricanes vs Indiana Hoosiers, Year=None, Level=college
2026-03-13 15:34:54,533 - ingest.ingest_worker - INFO -   Teams: Miami Hurricanes vs Indiana Hoosiers
2026-03-13 15:34:54,533 - ingest.ingest_worker - INFO -   Year: None
2026-03-13 15:34:54,533 - ingest.ingest_worker - INFO -   Level: college
2026-03-13 15:34:54,534 - ingest.ingest_worker - INFO - Step 4/5: Downloading video...
2026-03-13 15:34:54,534 - ingest.youtube_downloader - INFO - Starting download from https://www.youtube.com/watch?v=4KDE7NMshvI
2026-03-13 15:34:54,534 - ingest.youtube_downloader - INFO - Output path: raw_videos\youtube_4KDE7NMshvI_20260313_153454.mp4
2026-03-13 15:34:54,535 - ingest.youtube_downloader - INFO - Download attempt 1/3
2026-03-13 15:34:56,737 - ingest.youtube_downloader - INFO - Downloading: 0.0% (0.1 MB/s)
2026-03-13 15:34:56,738 - ingest.youtube_downloader - INFO - Downloading: 0.0% (0.2 MB/s)
2026-03-13 15:34:56,742 - ingest.youtube_downloader - INFO - Downloading: 0.0% (0.4 MB/s)
2026-03-13 15:34:56,747 - ingest.youtube_downloader - INFO - Downloading: 0.0% (0.7 MB/s)
2026-03-13 15:34:56,750 - ingest.youtube_downloader - INFO - Downloading: 0.0% (1.1 MB/s)
2026-03-13 15:34:56,753 - ingest.youtube_downloader - INFO - Downloading: 0.0% (2.1 MB/s)
2026-03-13 15:34:56,764 - ingest.youtube_downloader - INFO - Downloading: 0.1% (3.1 MB/s)
2026-03-13 15:34:56,806 - ingest.youtube_downloader - INFO - Downloading: 0.2% (3.0 MB/s)
2026-03-13 15:34:56,859 - ingest.youtube_downloader - INFO - Downloading: 0.3% (3.7 MB/s)
2026-03-13 15:34:56,944 - ingest.youtube_downloader - INFO - Downloading: 0.7% (4.5 MB/s)
2026-03-13 15:34:57,143 - ingest.youtube_downloader - INFO - Downloading: 1.3% (4.8 MB/s)
2026-03-13 15:34:57,472 - ingest.youtube_downloader - INFO - Downloading: 2.6% (5.3 MB/s)
2026-03-13 15:34:58,167 - ingest.youtube_downloader - INFO - Downloading: 5.3% (5.5 MB/s)
2026-03-13 15:34:58,518 - ingest.youtube_downloader - INFO - Downloading: 6.6% (5.5 MB/s)
2026-03-13 15:34:58,623 - ingest.youtube_downloader - INFO - Downloading: 6.6% (0.3 MB/s)
2026-03-13 15:34:58,625 - ingest.youtube_downloader - INFO - Downloading: 6.6% (0.6 MB/s)
2026-03-13 15:34:58,628 - ingest.youtube_downloader - INFO - Downloading: 6.6% (1.0 MB/s)
2026-03-13 15:34:58,629 - ingest.youtube_downloader - INFO - Downloading: 6.6% (1.5 MB/s)
2026-03-13 15:34:58,631 - ingest.youtube_downloader - INFO - Downloading: 6.6% (2.8 MB/s)
2026-03-13 15:34:58,635 - ingest.youtube_downloader - INFO - Downloading: 6.6% (3.9 MB/s)
2026-03-13 15:34:58,649 - ingest.youtube_downloader - INFO - Downloading: 6.7% (4.2 MB/s)
2026-03-13 15:34:58,673 - ingest.youtube_downloader - INFO - Downloading: 6.7% (4.7 MB/s)
2026-03-13 15:34:58,717 - ingest.youtube_downloader - INFO - Downloading: 6.9% (5.1 MB/s)
2026-03-13 15:34:58,806 - ingest.youtube_downloader - INFO - Downloading: 7.2% (5.4 MB/s)
2026-03-13 15:34:58,981 - ingest.youtube_downloader - INFO - Downloading: 7.9% (5.5 MB/s)
2026-03-13 15:34:59,331 - ingest.youtube_downloader - INFO - Downloading: 9.2% (5.6 MB/s)
2026-03-13 15:35:00,005 - ingest.youtube_downloader - INFO - Downloading: 11.9% (5.8 MB/s)
2026-03-13 15:35:00,297 - ingest.youtube_downloader - INFO - Downloading: 13.1% (5.9 MB/s)
2026-03-13 15:35:00,363 - ingest.youtube_downloader - INFO - Downloading: 13.1% (0.3 MB/s)
2026-03-13 15:35:00,365 - ingest.youtube_downloader - INFO - Downloading: 13.1% (0.7 MB/s)
2026-03-13 15:35:00,366 - ingest.youtube_downloader - INFO - Downloading: 13.1% (1.1 MB/s)
2026-03-13 15:35:00,368 - ingest.youtube_downloader - INFO - Downloading: 13.1% (1.9 MB/s)
2026-03-13 15:35:00,381 - ingest.youtube_downloader - INFO - Downloading: 13.2% (1.5 MB/s)
2026-03-13 15:35:00,387 - ingest.youtube_downloader - INFO - Downloading: 13.2% (2.3 MB/s)
2026-03-13 15:35:00,409 - ingest.youtube_downloader - INFO - Downloading: 13.2% (2.6 MB/s)
2026-03-13 15:35:00,444 - ingest.youtube_downloader - INFO - Downloading: 13.3% (3.0 MB/s)
2026-03-13 15:35:00,508 - ingest.youtube_downloader - INFO - Downloading: 13.5% (3.4 MB/s)
2026-03-13 15:35:00,600 - ingest.youtube_downloader - INFO - Downloading: 13.8% (4.2 MB/s)
2026-03-13 15:35:00,785 - ingest.youtube_downloader - INFO - Downloading: 14.5% (4.7 MB/s)
2026-03-13 15:35:01,153 - ingest.youtube_downloader - INFO - Downloading: 15.8% (5.0 MB/s)
2026-03-13 15:35:01,835 - ingest.youtube_downloader - INFO - Downloading: 18.4% (5.4 MB/s)
2026-03-13 15:35:02,097 - ingest.youtube_downloader - INFO - Downloading: 19.4% (5.5 MB/s)
2026-03-13 15:35:02,216 - ingest.youtube_downloader - INFO - Downloading: 19.4% (0.3 MB/s)
2026-03-13 15:35:02,217 - ingest.youtube_downloader - INFO - Downloading: 19.4% (0.7 MB/s)
2026-03-13 15:35:02,218 - ingest.youtube_downloader - INFO - Downloading: 19.4% (1.3 MB/s)
2026-03-13 15:35:02,220 - ingest.youtube_downloader - INFO - Downloading: 19.5% (2.3 MB/s)
2026-03-13 15:35:02,220 - ingest.youtube_downloader - INFO - Downloading: 19.5% (4.1 MB/s)
2026-03-13 15:35:02,228 - ingest.youtube_downloader - INFO - Downloading: 19.5% (4.2 MB/s)
2026-03-13 15:35:02,246 - ingest.youtube_downloader - INFO - Downloading: 19.5% (4.1 MB/s)
2026-03-13 15:35:02,269 - ingest.youtube_downloader - INFO - Downloading: 19.6% (4.5 MB/s)
2026-03-13 15:35:02,323 - ingest.youtube_downloader - INFO - Downloading: 19.8% (4.6 MB/s)
2026-03-13 15:35:02,425 - ingest.youtube_downloader - INFO - Downloading: 20.1% (4.8 MB/s)
2026-03-13 15:35:02,601 - ingest.youtube_downloader - INFO - Downloading: 20.8% (5.2 MB/s)
2026-03-13 15:35:02,929 - ingest.youtube_downloader - INFO - Downloading: 22.1% (5.6 MB/s)
2026-03-13 15:35:03,735 - ingest.youtube_downloader - INFO - Downloading: 24.7% (5.3 MB/s)
2026-03-13 15:35:04,097 - ingest.youtube_downloader - INFO - Downloading: 26.0% (5.3 MB/s)
2026-03-13 15:35:04,145 - ingest.youtube_downloader - INFO - Downloading: 26.0% (0.2 MB/s)
2026-03-13 15:35:04,146 - ingest.youtube_downloader - INFO - Downloading: 26.0% (0.5 MB/s)
2026-03-13 15:35:04,147 - ingest.youtube_downloader - INFO - Downloading: 26.0% (1.1 MB/s)
2026-03-13 15:35:04,148 - ingest.youtube_downloader - INFO - Downloading: 26.1% (2.0 MB/s)
2026-03-13 15:35:04,149 - ingest.youtube_downloader - INFO - Downloading: 26.1% (3.7 MB/s)
2026-03-13 15:35:04,165 - ingest.youtube_downloader - INFO - Downloading: 26.1% (2.5 MB/s)
2026-03-13 15:35:04,179 - ingest.youtube_downloader - INFO - Downloading: 26.1% (3.2 MB/s)
2026-03-13 15:35:04,208 - ingest.youtube_downloader - INFO - Downloading: 26.2% (3.7 MB/s)
2026-03-13 15:35:04,246 - ingest.youtube_downloader - INFO - Downloading: 26.4% (4.7 MB/s)
2026-03-13 15:35:04,335 - ingest.youtube_downloader - INFO - Downloading: 26.7% (5.1 MB/s)
2026-03-13 15:35:04,514 - ingest.youtube_downloader - INFO - Downloading: 27.4% (5.4 MB/s)
2026-03-13 15:35:04,828 - ingest.youtube_downloader - INFO - Downloading: 28.7% (5.8 MB/s)
2026-03-13 15:35:05,478 - ingest.youtube_downloader - INFO - Downloading: 31.3% (6.0 MB/s)
2026-03-13 15:35:05,726 - ingest.youtube_downloader - INFO - Downloading: 32.3% (6.0 MB/s)
2026-03-13 15:35:05,782 - ingest.youtube_downloader - INFO - Downloading: 32.3% (0.4 MB/s)
2026-03-13 15:35:05,783 - ingest.youtube_downloader - INFO - Downloading: 32.3% (0.8 MB/s)
2026-03-13 15:35:05,784 - ingest.youtube_downloader - INFO - Downloading: 32.3% (1.4 MB/s)
2026-03-13 15:35:05,786 - ingest.youtube_downloader - INFO - Downloading: 32.3% (2.4 MB/s)
2026-03-13 15:35:05,787 - ingest.youtube_downloader - INFO - Downloading: 32.4% (4.1 MB/s)
2026-03-13 15:35:05,794 - ingest.youtube_downloader - INFO - Downloading: 32.4% (4.8 MB/s)
2026-03-13 15:35:05,822 - ingest.youtube_downloader - INFO - Downloading: 32.4% (2.9 MB/s)
2026-03-13 15:35:05,851 - ingest.youtube_downloader - INFO - Downloading: 32.5% (3.5 MB/s)
2026-03-13 15:35:05,912 - ingest.youtube_downloader - INFO - Downloading: 32.7% (3.8 MB/s)
2026-03-13 15:35:06,057 - ingest.youtube_downloader - INFO - Downloading: 33.0% (3.6 MB/s)
2026-03-13 15:35:06,278 - ingest.youtube_downloader - INFO - Downloading: 33.7% (4.0 MB/s)
2026-03-13 15:35:06,681 - ingest.youtube_downloader - INFO - Downloading: 35.0% (4.4 MB/s)
2026-03-13 15:35:07,409 - ingest.youtube_downloader - INFO - Downloading: 37.6% (4.9 MB/s)
2026-03-13 15:35:07,716 - ingest.youtube_downloader - INFO - Downloading: 38.8% (5.0 MB/s)
2026-03-13 15:35:07,795 - ingest.youtube_downloader - INFO - Downloading: 38.8% (0.5 MB/s)
2026-03-13 15:35:07,796 - ingest.youtube_downloader - INFO - Downloading: 38.8% (1.0 MB/s)
2026-03-13 15:35:07,797 - ingest.youtube_downloader - INFO - Downloading: 38.8% (1.8 MB/s)
2026-03-13 15:35:07,797 - ingest.youtube_downloader - INFO - Downloading: 38.8% (3.1 MB/s)
2026-03-13 15:35:07,798 - ingest.youtube_downloader - INFO - Downloading: 38.8% (5.6 MB/s)
2026-03-13 15:35:07,811 - ingest.youtube_downloader - INFO - Downloading: 38.8% (4.0 MB/s)
2026-03-13 15:35:07,826 - ingest.youtube_downloader - INFO - Downloading: 38.9% (3.8 MB/s)
2026-03-13 15:35:07,847 - ingest.youtube_downloader - INFO - Downloading: 38.9% (4.6 MB/s)
2026-03-13 15:35:07,890 - ingest.youtube_downloader - INFO - Downloading: 39.1% (5.2 MB/s)
2026-03-13 15:35:07,980 - ingest.youtube_downloader - INFO - Downloading: 39.4% (5.3 MB/s)
2026-03-13 15:35:08,156 - ingest.youtube_downloader - INFO - Downloading: 40.1% (5.5 MB/s)
2026-03-13 15:35:08,506 - ingest.youtube_downloader - INFO - Downloading: 41.4% (5.6 MB/s)
2026-03-13 15:35:09,178 - ingest.youtube_downloader - INFO - Downloading: 44.1% (5.8 MB/s)
2026-03-13 15:35:09,497 - ingest.youtube_downloader - INFO - Downloading: 45.2% (5.7 MB/s)
2026-03-13 15:35:09,584 - ingest.youtube_downloader - INFO - Downloading: 45.2% (0.2 MB/s)
2026-03-13 15:35:09,585 - ingest.youtube_downloader - INFO - Downloading: 45.2% (0.4 MB/s)
2026-03-13 15:35:09,586 - ingest.youtube_downloader - INFO - Downloading: 45.2% (0.9 MB/s)
2026-03-13 15:35:09,588 - ingest.youtube_downloader - INFO - Downloading: 45.2% (1.6 MB/s)
2026-03-13 15:35:09,602 - ingest.youtube_downloader - INFO - Downloading: 45.2% (1.3 MB/s)
2026-03-13 15:35:09,608 - ingest.youtube_downloader - INFO - Downloading: 45.2% (2.1 MB/s)
2026-03-13 15:35:09,627 - ingest.youtube_downloader - INFO - Downloading: 45.3% (2.7 MB/s)
2026-03-13 15:35:09,645 - ingest.youtube_downloader - INFO - Downloading: 45.3% (3.8 MB/s)
2026-03-13 15:35:09,702 - ingest.youtube_downloader - INFO - Downloading: 45.5% (4.0 MB/s)
2026-03-13 15:35:09,795 - ingest.youtube_downloader - INFO - Downloading: 45.8% (4.6 MB/s)
2026-03-13 15:35:09,977 - ingest.youtube_downloader - INFO - Downloading: 46.5% (5.0 MB/s)
2026-03-13 15:35:10,464 - ingest.youtube_downloader - INFO - Downloading: 47.8% (4.5 MB/s)
2026-03-13 15:35:11,235 - ingest.youtube_downloader - INFO - Downloading: 50.5% (4.8 MB/s)
2026-03-13 15:35:11,509 - ingest.youtube_downloader - INFO - Downloading: 51.5% (5.0 MB/s)
2026-03-13 15:35:11,637 - ingest.youtube_downloader - INFO - Downloading: 51.5% (0.3 MB/s)
2026-03-13 15:35:11,638 - ingest.youtube_downloader - INFO - Downloading: 51.5% (0.7 MB/s)
2026-03-13 15:35:11,641 - ingest.youtube_downloader - INFO - Downloading: 51.5% (1.3 MB/s)
2026-03-13 15:35:11,642 - ingest.youtube_downloader - INFO - Downloading: 51.5% (1.7 MB/s)
2026-03-13 15:35:11,643 - ingest.youtube_downloader - INFO - Downloading: 51.5% (3.1 MB/s)
2026-03-13 15:35:11,658 - ingest.youtube_downloader - INFO - Downloading: 51.6% (2.7 MB/s)
2026-03-13 15:35:11,669 - ingest.youtube_downloader - INFO - Downloading: 51.6% (3.5 MB/s)
2026-03-13 15:35:11,700 - ingest.youtube_downloader - INFO - Downloading: 51.7% (3.8 MB/s)
2026-03-13 15:35:11,750 - ingest.youtube_downloader - INFO - Downloading: 51.8% (4.3 MB/s)
2026-03-13 15:35:11,876 - ingest.youtube_downloader - INFO - Downloading: 52.2% (4.1 MB/s)
2026-03-13 15:35:12,174 - ingest.youtube_downloader - INFO - Downloading: 52.8% (3.7 MB/s)
2026-03-13 15:35:12,560 - ingest.youtube_downloader - INFO - Downloading: 54.2% (4.3 MB/s)
2026-03-13 15:35:13,319 - ingest.youtube_downloader - INFO - Downloading: 56.8% (4.7 MB/s)
2026-03-13 15:35:13,660 - ingest.youtube_downloader - INFO - Downloading: 57.9% (4.8 MB/s)
2026-03-13 15:35:13,762 - ingest.youtube_downloader - INFO - Downloading: 57.9% (0.5 MB/s)
2026-03-13 15:35:13,764 - ingest.youtube_downloader - INFO - Downloading: 57.9% (0.8 MB/s)
2026-03-13 15:35:13,767 - ingest.youtube_downloader - INFO - Downloading: 57.9% (1.3 MB/s)
2026-03-13 15:35:13,771 - ingest.youtube_downloader - INFO - Downloading: 57.9% (1.6 MB/s)
2026-03-13 15:35:13,776 - ingest.youtube_downloader - INFO - Downloading: 58.0% (2.2 MB/s)
2026-03-13 15:35:13,781 - ingest.youtube_downloader - INFO - Downloading: 58.0% (3.2 MB/s)
2026-03-13 15:35:13,826 - ingest.youtube_downloader - INFO - Downloading: 58.0% (1.9 MB/s)
2026-03-13 15:35:13,850 - ingest.youtube_downloader - INFO - Downloading: 58.1% (2.8 MB/s)
2026-03-13 15:35:13,916 - ingest.youtube_downloader - INFO - Downloading: 58.3% (3.2 MB/s)
2026-03-13 15:35:14,008 - ingest.youtube_downloader - INFO - Downloading: 58.6% (4.0 MB/s)
2026-03-13 15:35:14,187 - ingest.youtube_downloader - INFO - Downloading: 59.3% (4.7 MB/s)
2026-03-13 15:35:14,579 - ingest.youtube_downloader - INFO - Downloading: 60.6% (4.9 MB/s)
2026-03-13 15:35:15,336 - ingest.youtube_downloader - INFO - Downloading: 63.2% (5.1 MB/s)
2026-03-13 15:35:15,680 - ingest.youtube_downloader - INFO - Downloading: 64.4% (5.1 MB/s)
2026-03-13 15:35:15,741 - ingest.youtube_downloader - INFO - Downloading: 64.4%
2026-03-13 15:35:15,743 - ingest.youtube_downloader - INFO - Downloading: 64.4% (1.8 MB/s)
2026-03-13 15:35:15,744 - ingest.youtube_downloader - INFO - Downloading: 64.4% (2.4 MB/s)
2026-03-13 15:35:15,745 - ingest.youtube_downloader - INFO - Downloading: 64.4% (3.8 MB/s)
2026-03-13 15:35:15,745 - ingest.youtube_downloader - INFO - Downloading: 64.4% (6.3 MB/s)
2026-03-13 15:35:15,756 - ingest.youtube_downloader - INFO - Downloading: 64.4% (4.0 MB/s)
2026-03-13 15:35:15,777 - ingest.youtube_downloader - INFO - Downloading: 64.5% (3.4 MB/s)
2026-03-13 15:35:15,810 - ingest.youtube_downloader - INFO - Downloading: 64.6% (3.6 MB/s)
2026-03-13 15:35:15,873 - ingest.youtube_downloader - INFO - Downloading: 64.7% (3.8 MB/s)
2026-03-13 15:35:15,978 - ingest.youtube_downloader - INFO - Downloading: 65.0% (4.2 MB/s)
2026-03-13 15:35:16,169 - ingest.youtube_downloader - INFO - Downloading: 65.7% (4.7 MB/s)
2026-03-13 15:35:16,549 - ingest.youtube_downloader - INFO - Downloading: 67.0% (5.0 MB/s)
2026-03-13 15:35:17,249 - ingest.youtube_downloader - INFO - Downloading: 69.7% (5.3 MB/s)
2026-03-13 15:35:17,526 - ingest.youtube_downloader - INFO - Downloading: 70.7% (5.4 MB/s)
2026-03-13 15:35:17,585 - ingest.youtube_downloader - INFO - Downloading: 70.7% (0.4 MB/s)
2026-03-13 15:35:17,586 - ingest.youtube_downloader - INFO - Downloading: 70.7% (0.8 MB/s)
2026-03-13 15:35:17,587 - ingest.youtube_downloader - INFO - Downloading: 70.7% (1.4 MB/s)
2026-03-13 15:35:17,588 - ingest.youtube_downloader - INFO - Downloading: 70.8% (2.6 MB/s)
2026-03-13 15:35:17,595 - ingest.youtube_downloader - INFO - Downloading: 70.8% (2.5 MB/s)
2026-03-13 15:35:17,601 - ingest.youtube_downloader - INFO - Downloading: 70.8% (3.3 MB/s)
2026-03-13 15:35:17,628 - ingest.youtube_downloader - INFO - Downloading: 70.8% (2.7 MB/s)
2026-03-13 15:35:17,670 - ingest.youtube_downloader - INFO - Downloading: 70.9% (2.9 MB/s)
2026-03-13 15:35:17,736 - ingest.youtube_downloader - INFO - Downloading: 71.1% (3.3 MB/s)
2026-03-13 15:35:17,842 - ingest.youtube_downloader - INFO - Downloading: 71.4% (3.8 MB/s)
2026-03-13 15:35:18,061 - ingest.youtube_downloader - INFO - Downloading: 72.1% (4.2 MB/s)
2026-03-13 15:35:18,428 - ingest.youtube_downloader - INFO - Downloading: 73.4% (4.7 MB/s)
2026-03-13 15:35:19,160 - ingest.youtube_downloader - INFO - Downloading: 76.0% (5.1 MB/s)
2026-03-13 15:35:19,505 - ingest.youtube_downloader - INFO - Downloading: 77.3% (5.1 MB/s)
2026-03-13 15:35:19,556 - ingest.youtube_downloader - INFO - Downloading: 77.3% (0.1 MB/s)
2026-03-13 15:35:19,557 - ingest.youtube_downloader - INFO - Downloading: 77.3% (0.3 MB/s)
2026-03-13 15:35:19,558 - ingest.youtube_downloader - INFO - Downloading: 77.3% (0.7 MB/s)
2026-03-13 15:35:19,559 - ingest.youtube_downloader - INFO - Downloading: 77.3% (1.3 MB/s)
2026-03-13 15:35:19,562 - ingest.youtube_downloader - INFO - Downloading: 77.3% (2.1 MB/s)
2026-03-13 15:35:19,576 - ingest.youtube_downloader - INFO - Downloading: 77.3% (2.2 MB/s)
2026-03-13 15:35:19,587 - ingest.youtube_downloader - INFO - Downloading: 77.4% (3.2 MB/s)
2026-03-13 15:35:19,621 - ingest.youtube_downloader - INFO - Downloading: 77.4% (3.4 MB/s)
2026-03-13 15:35:19,684 - ingest.youtube_downloader - INFO - Downloading: 77.6% (3.7 MB/s)
2026-03-13 15:35:19,772 - ingest.youtube_downloader - INFO - Downloading: 77.9% (4.5 MB/s)
2026-03-13 15:35:19,974 - ingest.youtube_downloader - INFO - Downloading: 78.6% (4.7 MB/s)
2026-03-13 15:35:20,387 - ingest.youtube_downloader - INFO - Downloading: 79.9% (4.8 MB/s)
2026-03-13 15:35:21,056 - ingest.youtube_downloader - INFO - Downloading: 82.6% (5.3 MB/s)
2026-03-13 15:35:21,378 - ingest.youtube_downloader - INFO - Downloading: 83.8% (5.4 MB/s)
2026-03-13 15:35:21,421 - ingest.youtube_downloader - INFO - Downloading: 83.8% (0.2 MB/s)
2026-03-13 15:35:21,425 - ingest.youtube_downloader - INFO - Downloading: 83.8% (0.4 MB/s)
2026-03-13 15:35:21,427 - ingest.youtube_downloader - INFO - Downloading: 83.9% (0.7 MB/s)
2026-03-13 15:35:21,429 - ingest.youtube_downloader - INFO - Downloading: 83.9% (1.3 MB/s)
2026-03-13 15:35:21,430 - ingest.youtube_downloader - INFO - Downloading: 83.9% (2.3 MB/s)
2026-03-13 15:35:21,432 - ingest.youtube_downloader - INFO - Downloading: 83.9% (4.1 MB/s)
2026-03-13 15:35:21,457 - ingest.youtube_downloader - INFO - Downloading: 83.9% (3.2 MB/s)
2026-03-13 15:35:21,482 - ingest.youtube_downloader - INFO - Downloading: 84.0% (3.8 MB/s)
2026-03-13 15:35:21,536 - ingest.youtube_downloader - INFO - Downloading: 84.2% (4.2 MB/s)
2026-03-13 15:35:21,648 - ingest.youtube_downloader - INFO - Downloading: 84.5% (4.3 MB/s)
2026-03-13 15:35:21,886 - ingest.youtube_downloader - INFO - Downloading: 85.2% (4.3 MB/s)
2026-03-13 15:35:22,275 - ingest.youtube_downloader - INFO - Downloading: 86.5% (4.7 MB/s)
2026-03-13 15:35:23,035 - ingest.youtube_downloader - INFO - Downloading: 89.1% (4.9 MB/s)
2026-03-13 15:35:23,347 - ingest.youtube_downloader - INFO - Downloading: 90.2% (5.0 MB/s)
2026-03-13 15:35:23,615 - ingest.youtube_downloader - INFO - Downloading: 90.2% (0.6 MB/s)
2026-03-13 15:35:23,616 - ingest.youtube_downloader - INFO - Downloading: 90.2% (1.1 MB/s)
2026-03-13 15:35:23,616 - ingest.youtube_downloader - INFO - Downloading: 90.2% (2.0 MB/s)
2026-03-13 15:35:23,617 - ingest.youtube_downloader - INFO - Downloading: 90.3% (3.4 MB/s)
2026-03-13 15:35:23,626 - ingest.youtube_downloader - INFO - Downloading: 90.3% (2.4 MB/s)
2026-03-13 15:35:23,641 - ingest.youtube_downloader - INFO - Downloading: 90.3% (2.3 MB/s)
2026-03-13 15:35:23,658 - ingest.youtube_downloader - INFO - Downloading: 90.3% (2.8 MB/s)
2026-03-13 15:35:23,694 - ingest.youtube_downloader - INFO - Downloading: 90.4% (3.2 MB/s)
2026-03-13 15:35:23,745 - ingest.youtube_downloader - INFO - Downloading: 90.6% (3.8 MB/s)
2026-03-13 15:35:23,856 - ingest.youtube_downloader - INFO - Downloading: 90.9% (4.1 MB/s)
2026-03-13 15:35:24,125 - ingest.youtube_downloader - INFO - Downloading: 91.6% (3.9 MB/s)
2026-03-13 15:35:24,539 - ingest.youtube_downloader - INFO - Downloading: 92.9% (4.3 MB/s)
2026-03-13 15:35:25,242 - ingest.youtube_downloader - INFO - Downloading: 95.5% (4.9 MB/s)
2026-03-13 15:35:25,536 - ingest.youtube_downloader - INFO - Downloading: 96.7% (5.1 MB/s)
2026-03-13 15:35:25,602 - ingest.youtube_downloader - INFO - Downloading: 96.7%
2026-03-13 15:35:25,603 - ingest.youtube_downloader - INFO - Downloading: 96.7% (2.7 MB/s)
2026-03-13 15:35:25,604 - ingest.youtube_downloader - INFO - Downloading: 96.7% (3.5 MB/s)
2026-03-13 15:35:25,605 - ingest.youtube_downloader - INFO - Downloading: 96.7% (5.1 MB/s)
2026-03-13 15:35:25,607 - ingest.youtube_downloader - INFO - Downloading: 96.8% (6.7 MB/s)
2026-03-13 15:35:25,617 - ingest.youtube_downloader - INFO - Downloading: 96.8% (4.1 MB/s)
2026-03-13 15:35:25,632 - ingest.youtube_downloader - INFO - Downloading: 96.8% (4.1 MB/s)
2026-03-13 15:35:25,656 - ingest.youtube_downloader - INFO - Downloading: 96.9% (4.6 MB/s)
2026-03-13 15:35:25,700 - ingest.youtube_downloader - INFO - Downloading: 97.1% (5.1 MB/s)
2026-03-13 15:35:25,797 - ingest.youtube_downloader - INFO - Downloading: 97.4% (5.1 MB/s)
2026-03-13 15:35:25,999 - ingest.youtube_downloader - INFO - Downloading: 98.1% (5.0 MB/s)
2026-03-13 15:35:26,362 - ingest.youtube_downloader - INFO - Downloading: 99.4% (5.3 MB/s)
2026-03-13 15:35:26,567 - ingest.youtube_downloader - INFO - Downloading: 100.0% (5.1 MB/s)
2026-03-13 15:35:26,570 - ingest.youtube_downloader - INFO - Download finished, converting to MP4...
2026-03-13 15:35:26,618 - ingest.ingest_worker - INFO - Step 5/5: Saving to Firestore and queueing...
2026-03-13 15:35:26,618 - ingest.firestore_client - INFO - Saving metadata for video: 4KDE7NMshvI
2026-03-13 15:35:26,885 - ingest.queue_manager - INFO - Enqueueing video: 4KDE7NMshvI (priority: 5)
2026-03-13 15:35:26,886 - ingest.firestore_client - ERROR - Failed to add 4KDE7NMshvI to queue: 'str' object has no attribute 'value'
2026-03-13 15:35:26,933 - __main__ - INFO - GET /status/4KDE7NMshvI
2026-03-13 15:35:26,961 - __main__ - INFO - GET /health
2026-03-13 15:35:26,969 - __main__ - INFO - POST /ingest - URL: https://www.youtube.com/watch?v=4KDE7NMshvI
2026-03-13 15:35:26,970 - __main__ - INFO - Extracted video_id: 4KDE7NMshvI
2026-03-13 15:35:26,970 - __main__ - INFO - Starting ingestion for video_id: 4KDE7NMshvI
2026-03-13 15:35:26,970 - ingest.ingest_worker - INFO - 
============================================================
2026-03-13 15:35:26,971 - ingest.ingest_worker - INFO - Starting ingestion for: https://www.youtube.com/watch?v=4KDE7NMshvI
2026-03-13 15:35:26,971 - ingest.ingest_worker - INFO - ============================================================
2026-03-13 15:35:26,972 - ingest.ingest_worker - INFO - Step 1/5: Extracting video ID...
2026-03-13 15:35:27,095 - ingest.ingest_worker - WARNING - Video already ingested: 4KDE7NMshvI
2026-03-13 15:35:27,109 - __main__ - INFO - GET /status/4KDE7NMshvI
2026-03-13 15:35:29,108 - __main__ - INFO - GET /status/4KDE7NMshvI
2026-03-13 15:35:31,109 - __main__ - INFO - GET /status/4KDE7NMshvI
2026-03-13 15:35:33,122 - __main__ - INFO - GET /status/4KDE7NMshvI
2026-03-13 15:35:35,123 - __main__ - INFO - GET /status/4KDE7NMshvI
2026-03-13 15:35:37,121 - __main__ - INFO - GET /status/4KDE7NMshvI
2026-03-13 15:35:39,126 - __main__ - INFO - GET /status/4KDE7NMshvI
2026-03-13 15:35:41,124 - __main__ - INFO - GET /status/4KDE7NMshvI
2026-03-13 15:35:43,124 - __main__ - INFO - GET /status/4KDE7NMshvI
2026-03-13 15:35:45,119 - __main__ - INFO - GET /status/4KDE7NMshvI
2026-03-13 15:35:47,124 - __main__ - INFO - GET /status/4KDE7NMshvI
2026-03-13 15:35:49,128 - __main__ - INFO - GET /status/4KDE7NMshvI
2026-03-13 15:35:51,121 - __main__ - INFO - GET /status/4KDE7NMshvI
2026-03-13 15:35:53,110 - __main__ - INFO - GET /status/4KDE7NMshvI
2026-03-13 15:35:55,109 - __main__ - INFO - GET /status/4KDE7NMshvI
2026-03-13 15:35:57,119 - __main__ - INFO - GET /status/4KDE7NMshvI
2026-03-13 15:35:59,119 - __main__ - INFO - GET /status/4KDE7NMshvI
2026-03-13 15:36:01,110 - __main__ - INFO - GET /status/4KDE7NMshvI
2026-03-13 15:36:03,123 - __main__ - INFO - GET /status/4KDE7NMshvI
2026-03-13 15:36:05,122 - __main__ - INFO - GET /status/4KDE7NMshvI
2026-03-13 15:36:07,956 - __main__ - INFO - GET /status/4KDE7NMshvI
2026-03-13 15:36:09,956 - __main__ - INFO - GET /status/4KDE7NMshvI
2026-03-13 15:36:11,956 - __main__ - INFO - GET /status/4KDE7NMshvI
2026-03-13 15:36:13,956 - __main__ - INFO - GET /status/4KDE7NMshvI
2026-03-13 15:36:15,943 - __main__ - INFO - GET /status/4KDE7NMshvI
2026-03-13 15:36:17,941 - __main__ - INFO - GET /status/4KDE7NMshvI
2026-03-13 15:36:19,955 - __main__ - INFO - GET /status/4KDE7NMshvI
2026-03-13 15:36:21,941 - __main__ - INFO - GET /status/4KDE7NMshvI
2026-03-13 15:36:23,955 - __main__ - INFO - GET /status/4KDE7NMshvI
2026-03-13 15:36:25,956 - __main__ - INFO - GET /status/4KDE7NMshvI
2026-03-13 15:36:27,957 - __main__ - INFO - GET /status/4KDE7NMshvI
2026-03-13 15:36:29,956 - __main__ - INFO - GET /status/4KDE7NMshvI
2026-03-13 15:36:31,945 - __main__ - INFO - GET /status/4KDE7NMshvI
2026-03-13 15:36:33,943 - __main__ - INFO - GET /status/4KDE7NMshvI
2026-03-13 15:36:35,942 - __main__ - INFO - GET /status/4KDE7NMshvI
2026-03-13 15:36:37,955 - __main__ - INFO - GET /status/4KDE7NMshvI
2026-03-13 15:36:39,960 - __main__ - INFO - GET /status/4KDE7NMshvI
2026-03-13 15:36:41,949 - __main__ - INFO - GET /status/4KDE7NMshvI
2026-03-13 15:36:43,959 - __main__ - INFO - GET /status/4KDE7NMshvI
2026-03-13 15:36:45,946 - __main__ - INFO - GET /status/4KDE7NMshvI
2026-03-13 15:36:47,956 - __main__ - INFO - GET /status/4KDE7NMshvI
2026-03-13 15:36:49,954 - __main__ - INFO - GET /status/4KDE7NMshvI
2026-03-13 15:36:51,956 - __main__ - INFO - GET /status/4KDE7NMshvI
2026-03-13 15:36:53,956 - __main__ - INFO - GET /status/4KDE7NMshvI
2026-03-13 15:36:55,944 - __main__ - INFO - GET /status/4KDE7NMshvI
2026-03-13 15:36:57,958 - __main__ - INFO - GET /status/4KDE7NMshvI
2026-03-13 15:36:59,954 - __main__ - INFO - GET /status/4KDE7NMshvI
2026-03-13 15:37:01,956 - __main__ - INFO - GET /status/4KDE7NMshvI
2026-03-13 15:37:03,950 - __main__ - INFO - GET /status/4KDE7NMshvI
2026-03-13 15:37:05,955 - __main__ - INFO - GET /status/4KDE7NMshvI
2026-03-13 15:37:34,745 - __main__ - INFO - ======================================================================
2026-03-13 15:37:34,747 - __main__ - INFO - TEAM-GRADE INGESTION API - SHUTTING DOWN
2026-03-13 15:37:34,748 - __main__ - INFO - ======================================================================
2026-03-13 15:44:20,907 - ingest.ingest_worker - INFO - ============================================================
2026-03-13 15:44:20,908 - ingest.ingest_worker - INFO - TEAM-GRADE Ingestion Worker Started
2026-03-13 15:44:20,909 - ingest.ingest_worker - INFO - Log file: logs\ingest.log
2026-03-13 15:44:20,909 - ingest.ingest_worker - INFO - ============================================================
2026-03-13 15:44:20,911 - ingest.youtube_downloader - INFO - Initialized downloader with output dir: raw_videos
2026-03-13 15:44:20,911 - ingest.ingest_worker - INFO - Using credentials file: C:\Users\ricky\OneDrive\Desktop\Team-Grade\TEAM-GRADE\credentials\service-account.json
2026-03-13 15:44:27,435 - ingest.firestore_client - INFO - Initializing Firestore client for project: the-bridge-athletics1
2026-03-13 15:44:27,436 - ingest.firestore_client - INFO - Credentials path: C:\Users\ricky\OneDrive\Desktop\Team-Grade\TEAM-GRADE\credentials\service-account.json
2026-03-13 15:44:28,252 - ingest.queue_manager - INFO - Queue manager initialized
2026-03-13 15:44:28,257 - ingest.firestore_client - INFO - Initializing Firestore client for project: the-bridge-athletics1
2026-03-13 15:44:28,258 - ingest.firestore_client - INFO - Credentials path: C:\Users\ricky\OneDrive\Desktop\Team-Grade\TEAM-GRADE\credentials\service-account.json
2026-03-13 15:44:29,087 - __main__ - INFO - Starting FastAPI server on http://0.0.0.0:8000
2026-03-13 15:44:29,087 - __main__ - INFO - API documentation available at http://0.0.0.0:8000/docs
2026-03-13 15:44:29,088 - __main__ - INFO - UI available at http://0.0.0.0:8000/ui/
2026-03-13 15:44:29,133 - __main__ - INFO - ======================================================================
2026-03-13 15:44:29,134 - __main__ - INFO - TEAM-GRADE INGESTION API - STARTING
2026-03-13 15:44:29,134 - __main__ - INFO - ======================================================================
2026-03-13 15:44:29,950 - __main__ - INFO - GET /status/4KDE7NMshvI
2026-03-13 15:44:30,078 - __main__ - INFO - Video 4KDE7NMshvI status: pending, stage: metadata
2026-03-13 15:44:31,943 - __main__ - INFO - GET /status/4KDE7NMshvI
2026-03-13 15:44:32,056 - __main__ - INFO - Video 4KDE7NMshvI status: pending, stage: metadata
2026-03-13 15:44:33,942 - __main__ - INFO - GET /status/4KDE7NMshvI
2026-03-13 15:44:34,083 - __main__ - INFO - Video 4KDE7NMshvI status: pending, stage: metadata
2026-03-13 15:44:35,942 - __main__ - INFO - GET /status/4KDE7NMshvI
2026-03-13 15:44:36,061 - __main__ - INFO - Video 4KDE7NMshvI status: pending, stage: metadata
2026-03-13 15:44:37,998 - __main__ - INFO - GET /status/4KDE7NMshvI
2026-03-13 15:44:38,111 - __main__ - INFO - Video 4KDE7NMshvI status: pending, stage: metadata
2026-03-13 15:44:39,949 - __main__ - INFO - GET /status/4KDE7NMshvI
2026-03-13 15:44:40,060 - __main__ - INFO - Video 4KDE7NMshvI status: pending, stage: metadata
2026-03-13 15:44:41,944 - __main__ - INFO - GET /status/4KDE7NMshvI
2026-03-13 15:44:42,085 - __main__ - INFO - Video 4KDE7NMshvI status: pending, stage: metadata
2026-03-13 15:44:43,945 - __main__ - INFO - GET /status/4KDE7NMshvI
2026-03-13 15:44:44,065 - __main__ - INFO - Video 4KDE7NMshvI status: pending, stage: metadata
2026-03-13 15:44:45,942 - __main__ - INFO - GET /status/4KDE7NMshvI
2026-03-13 15:44:46,047 - __main__ - INFO - Video 4KDE7NMshvI status: pending, stage: metadata
2026-03-13 15:44:47,944 - __main__ - INFO - GET /status/4KDE7NMshvI
2026-03-13 15:44:48,061 - __main__ - INFO - Video 4KDE7NMshvI status: pending, stage: metadata
2026-03-13 15:44:49,943 - __main__ - INFO - GET /status/4KDE7NMshvI
2026-03-13 15:44:50,040 - __main__ - INFO - Video 4KDE7NMshvI status: pending, stage: metadata
2026-03-13 15:44:51,945 - __main__ - INFO - GET /status/4KDE7NMshvI
2026-03-13 15:44:52,048 - __main__ - INFO - Video 4KDE7NMshvI status: pending, stage: metadata
2026-03-13 15:44:53,955 - __main__ - INFO - GET /status/4KDE7NMshvI
2026-03-13 15:44:54,180 - __main__ - INFO - Video 4KDE7NMshvI status: pending, stage: metadata
2026-03-13 15:44:55,943 - __main__ - INFO - GET /status/4KDE7NMshvI
2026-03-13 15:44:56,042 - __main__ - INFO - Video 4KDE7NMshvI status: pending, stage: metadata
2026-03-13 15:44:57,947 - __main__ - INFO - GET /status/4KDE7NMshvI
2026-03-13 15:44:58,060 - __main__ - INFO - Video 4KDE7NMshvI status: pending, stage: metadata
2026-03-13 15:44:59,944 - __main__ - INFO - GET /status/4KDE7NMshvI
2026-03-13 15:45:00,061 - __main__ - INFO - Video 4KDE7NMshvI status: pending, stage: metadata
2026-03-13 15:45:01,944 - __main__ - INFO - GET /status/4KDE7NMshvI
2026-03-13 15:45:02,049 - __main__ - INFO - Video 4KDE7NMshvI status: pending, stage: metadata
2026-03-13 15:45:03,943 - __main__ - INFO - GET /status/4KDE7NMshvI
2026-03-13 15:45:04,087 - __main__ - INFO - Video 4KDE7NMshvI status: pending, stage: metadata
2026-03-13 15:45:05,947 - __main__ - INFO - GET /status/4KDE7NMshvI
2026-03-13 15:45:06,059 - __main__ - INFO - Video 4KDE7NMshvI status: pending, stage: metadata
2026-03-13 15:45:07,943 - __main__ - INFO - GET /status/4KDE7NMshvI
2026-03-13 15:45:08,052 - __main__ - INFO - Video 4KDE7NMshvI status: pending, stage: metadata
2026-03-13 15:45:09,944 - __main__ - INFO - GET /status/4KDE7NMshvI
2026-03-13 15:45:10,036 - __main__ - INFO - Video 4KDE7NMshvI status: pending, stage: metadata
2026-03-13 15:45:11,946 - __main__ - INFO - GET /status/4KDE7NMshvI
2026-03-13 15:45:12,052 - __main__ - INFO - Video 4KDE7NMshvI status: pending, stage: metadata
2026-03-13 15:45:41,259 - __main__ - INFO - GET /status/4KDE7NMshvI
2026-03-13 15:45:41,377 - __main__ - INFO - Video 4KDE7NMshvI status: pending, stage: metadata
2026-03-13 15:46:40,953 - __main__ - INFO - GET /status/4KDE7NMshvI
2026-03-13 15:46:41,059 - __main__ - INFO - Video 4KDE7NMshvI status: pending, stage: metadata
2026-03-13 15:47:41,274 - __main__ - INFO - GET /status/4KDE7NMshvI
2026-03-13 15:47:41,390 - __main__ - INFO - Video 4KDE7NMshvI status: pending, stage: metadata
2026-03-13 15:48:40,960 - __main__ - INFO - GET /status/4KDE7NMshvI
2026-03-13 15:48:41,079 - __main__ - INFO - Video 4KDE7NMshvI status: pending, stage: metadata
2026-03-13 16:03:11,857 - __main__ - INFO - GET /status/4KDE7NMshvI
2026-03-13 16:03:12,232 - __main__ - INFO - Video 4KDE7NMshvI status: pending, stage: metadata
2026-03-13 16:03:13,117 - __main__ - INFO - GET /status/4KDE7NMshvI
2026-03-13 16:03:13,252 - __main__ - INFO - Video 4KDE7NMshvI status: pending, stage: metadata
2026-03-13 16:03:15,113 - __main__ - INFO - GET /status/4KDE7NMshvI
2026-03-13 16:03:15,234 - __main__ - INFO - Video 4KDE7NMshvI status: pending, stage: metadata
2026-03-13 16:03:17,112 - __main__ - INFO - GET /status/4KDE7NMshvI
2026-03-13 16:03:17,231 - __main__ - INFO - Video 4KDE7NMshvI status: pending, stage: metadata
2026-03-13 16:03:19,111 - __main__ - INFO - GET /status/4KDE7NMshvI
2026-03-13 16:03:19,231 - __main__ - INFO - Video 4KDE7NMshvI status: pending, stage: metadata
2026-03-13 16:03:21,114 - __main__ - INFO - GET /status/4KDE7NMshvI
2026-03-13 16:03:21,259 - __main__ - INFO - Video 4KDE7NMshvI status: pending, stage: metadata
2026-03-13 16:03:23,120 - __main__ - INFO - GET /status/4KDE7NMshvI
2026-03-13 16:03:23,246 - __main__ - INFO - Video 4KDE7NMshvI status: pending, stage: metadata
2026-03-13 16:03:25,119 - __main__ - INFO - GET /status/4KDE7NMshvI
2026-03-13 16:03:25,237 - __main__ - INFO - Video 4KDE7NMshvI status: pending, stage: metadata
2026-03-13 16:03:27,111 - __main__ - INFO - GET /status/4KDE7NMshvI
2026-03-13 16:03:27,230 - __main__ - INFO - Video 4KDE7NMshvI status: pending, stage: metadata
2026-03-13 16:03:29,113 - __main__ - INFO - GET /status/4KDE7NMshvI
2026-03-13 16:03:29,233 - __main__ - INFO - Video 4KDE7NMshvI status: pending, stage: metadata
2026-03-13 16:03:31,113 - __main__ - INFO - GET /status/4KDE7NMshvI
2026-03-13 16:03:31,260 - __main__ - INFO - Video 4KDE7NMshvI status: pending, stage: metadata
2026-03-13 16:03:33,112 - __main__ - INFO - GET /status/4KDE7NMshvI
2026-03-13 16:03:33,220 - __main__ - INFO - Video 4KDE7NMshvI status: pending, stage: metadata
2026-03-13 16:03:35,111 - __main__ - INFO - GET /status/4KDE7NMshvI
2026-03-13 16:03:35,212 - __main__ - INFO - Video 4KDE7NMshvI status: pending, stage: metadata
2026-03-13 16:03:37,111 - __main__ - INFO - GET /status/4KDE7NMshvI
2026-03-13 16:03:37,225 - __main__ - INFO - Video 4KDE7NMshvI status: pending, stage: metadata
2026-03-13 16:03:39,117 - __main__ - INFO - GET /status/4KDE7NMshvI
2026-03-13 16:03:39,233 - __main__ - INFO - Video 4KDE7NMshvI status: pending, stage: metadata
2026-03-13 16:03:41,109 - __main__ - INFO - GET /status/4KDE7NMshvI
2026-03-13 16:03:41,211 - __main__ - INFO - Video 4KDE7NMshvI status: pending, stage: metadata
2026-03-13 16:03:43,113 - __main__ - INFO - GET /status/4KDE7NMshvI
2026-03-13 16:03:43,219 - __main__ - INFO - Video 4KDE7NMshvI status: pending, stage: metadata
2026-03-13 16:03:45,112 - __main__ - INFO - GET /status/4KDE7NMshvI
2026-03-13 16:03:45,221 - __main__ - INFO - Video 4KDE7NMshvI status: pending, stage: metadata
2026-03-13 16:03:47,114 - __main__ - INFO - GET /status/4KDE7NMshvI
2026-03-13 16:03:47,230 - __main__ - INFO - Video 4KDE7NMshvI status: pending, stage: metadata
2026-03-13 16:03:49,113 - __main__ - INFO - GET /status/4KDE7NMshvI
2026-03-13 16:03:49,230 - __main__ - INFO - Video 4KDE7NMshvI status: pending, stage: metadata
2026-03-13 16:03:51,115 - __main__ - INFO - GET /status/4KDE7NMshvI
2026-03-13 16:03:51,220 - __main__ - INFO - Video 4KDE7NMshvI status: pending, stage: metadata
2026-03-13 16:03:53,115 - __main__ - INFO - GET /status/4KDE7NMshvI
2026-03-13 16:03:53,224 - __main__ - INFO - Video 4KDE7NMshvI status: pending, stage: metadata
2026-03-13 16:03:55,115 - __main__ - INFO - GET /status/4KDE7NMshvI
2026-03-13 16:03:55,294 - __main__ - INFO - Video 4KDE7NMshvI status: pending, stage: metadata
2026-03-13 16:03:57,115 - __main__ - INFO - GET /status/4KDE7NMshvI
2026-03-13 16:03:57,279 - __main__ - INFO - Video 4KDE7NMshvI status: pending, stage: metadata
2026-03-13 16:03:59,114 - __main__ - INFO - GET /status/4KDE7NMshvI
2026-03-13 16:03:59,215 - __main__ - INFO - Video 4KDE7NMshvI status: pending, stage: metadata
2026-03-13 16:04:01,113 - __main__ - INFO - GET /status/4KDE7NMshvI
2026-03-13 16:04:01,332 - __main__ - INFO - Video 4KDE7NMshvI status: pending, stage: metadata
2026-03-13 16:04:03,110 - __main__ - INFO - GET /status/4KDE7NMshvI
2026-03-13 16:04:03,211 - __main__ - INFO - Video 4KDE7NMshvI status: pending, stage: metadata
2026-03-13 16:04:05,955 - __main__ - INFO - GET /status/4KDE7NMshvI
2026-03-13 16:04:06,066 - __main__ - INFO - Video 4KDE7NMshvI status: pending, stage: metadata
2026-03-13 16:04:07,945 - __main__ - INFO - GET /status/4KDE7NMshvI
2026-03-13 16:04:08,051 - __main__ - INFO - Video 4KDE7NMshvI status: pending, stage: metadata
2026-03-13 16:04:09,943 - __main__ - INFO - GET /status/4KDE7NMshvI
2026-03-13 16:04:10,047 - __main__ - INFO - Video 4KDE7NMshvI status: pending, stage: metadata
2026-03-13 16:04:11,949 - __main__ - INFO - GET /status/4KDE7NMshvI
2026-03-13 16:04:12,067 - __main__ - INFO - Video 4KDE7NMshvI status: pending, stage: metadata
2026-03-13 16:04:13,947 - __main__ - INFO - GET /status/4KDE7NMshvI
2026-03-13 16:04:14,058 - __main__ - INFO - Video 4KDE7NMshvI status: pending, stage: metadata
2026-03-13 16:04:15,954 - __main__ - INFO - GET /status/4KDE7NMshvI
2026-03-13 16:04:16,065 - __main__ - INFO - Video 4KDE7NMshvI status: pending, stage: metadata
2026-03-13 16:04:17,948 - __main__ - INFO - GET /status/4KDE7NMshvI
2026-03-13 16:04:18,059 - __main__ - INFO - Video 4KDE7NMshvI status: pending, stage: metadata
2026-03-13 16:04:19,944 - __main__ - INFO - GET /status/4KDE7NMshvI
2026-03-13 16:04:20,046 - __main__ - INFO - Video 4KDE7NMshvI status: pending, stage: metadata
2026-03-13 16:04:21,944 - __main__ - INFO - GET /status/4KDE7NMshvI
2026-03-13 16:04:22,058 - __main__ - INFO - Video 4KDE7NMshvI status: pending, stage: metadata
2026-03-13 16:04:23,943 - __main__ - INFO - GET /status/4KDE7NMshvI
2026-03-13 16:04:24,048 - __main__ - INFO - Video 4KDE7NMshvI status: pending, stage: metadata
2026-03-13 16:04:25,943 - __main__ - INFO - GET /status/4KDE7NMshvI
2026-03-13 16:04:26,049 - __main__ - INFO - Video 4KDE7NMshvI status: pending, stage: metadata
2026-03-13 16:04:27,952 - __main__ - INFO - GET /status/4KDE7NMshvI
2026-03-13 16:04:28,077 - __main__ - INFO - Video 4KDE7NMshvI status: pending, stage: metadata
2026-03-13 16:04:29,943 - __main__ - INFO - GET /status/4KDE7NMshvI
2026-03-13 16:04:30,050 - __main__ - INFO - Video 4KDE7NMshvI status: pending, stage: metadata
2026-03-13 16:04:31,949 - __main__ - INFO - GET /status/4KDE7NMshvI
2026-03-13 16:04:32,064 - __main__ - INFO - Video 4KDE7NMshvI status: pending, stage: metadata
2026-03-13 16:04:33,944 - __main__ - INFO - GET /status/4KDE7NMshvI
2026-03-13 16:04:34,061 - __main__ - INFO - Video 4KDE7NMshvI status: pending, stage: metadata
2026-03-13 16:04:35,954 - __main__ - INFO - GET /status/4KDE7NMshvI
2026-03-13 16:04:36,060 - __main__ - INFO - Video 4KDE7NMshvI status: pending, stage: metadata
2026-03-13 16:04:37,948 - __main__ - INFO - GET /status/4KDE7NMshvI
2026-03-13 16:04:38,058 - __main__ - INFO - Video 4KDE7NMshvI status: pending, stage: metadata
2026-03-13 16:04:39,951 - __main__ - INFO - GET /status/4KDE7NMshvI
2026-03-13 16:04:40,057 - __main__ - INFO - Video 4KDE7NMshvI status: pending, stage: metadata
2026-03-13 16:04:41,949 - __main__ - INFO - GET /status/4KDE7NMshvI
2026-03-13 16:04:42,053 - __main__ - INFO - Video 4KDE7NMshvI status: pending, stage: metadata
2026-03-13 16:04:43,945 - __main__ - INFO - GET /status/4KDE7NMshvI
2026-03-13 16:04:44,070 - __main__ - INFO - Video 4KDE7NMshvI status: pending, stage: metadata
2026-03-13 16:04:45,956 - __main__ - INFO - GET /status/4KDE7NMshvI
2026-03-13 16:04:46,063 - __main__ - INFO - Video 4KDE7NMshvI status: pending, stage: metadata
2026-03-13 16:04:47,945 - __main__ - INFO - GET /status/4KDE7NMshvI
2026-03-13 16:04:48,054 - __main__ - INFO - Video 4KDE7NMshvI status: pending, stage: metadata
2026-03-13 16:04:49,945 - __main__ - INFO - GET /status/4KDE7NMshvI
2026-03-13 16:04:50,045 - __main__ - INFO - Video 4KDE7NMshvI status: pending, stage: metadata
2026-03-13 16:04:51,625 - __main__ - INFO - GET /status/4KDE7NMshvI
2026-03-13 16:04:51,730 - __main__ - INFO - Video 4KDE7NMshvI status: pending, stage: metadata
2026-03-13 16:04:53,112 - __main__ - INFO - GET /status/4KDE7NMshvI
2026-03-13 16:04:53,219 - __main__ - INFO - Video 4KDE7NMshvI status: pending, stage: metadata
2026-03-13 16:04:55,114 - __main__ - INFO - GET /status/4KDE7NMshvI
2026-03-13 16:04:55,228 - __main__ - INFO - Video 4KDE7NMshvI status: pending, stage: metadata
2026-03-13 16:04:57,111 - __main__ - INFO - GET /status/4KDE7NMshvI
2026-03-13 16:04:57,216 - __main__ - INFO - Video 4KDE7NMshvI status: pending, stage: metadata
2026-03-13 16:04:59,110 - __main__ - INFO - GET /status/4KDE7NMshvI
2026-03-13 16:04:59,226 - __main__ - INFO - Video 4KDE7NMshvI status: pending, stage: metadata
2026-03-13 16:05:01,110 - __main__ - INFO - GET /status/4KDE7NMshvI
2026-03-13 16:05:01,219 - __main__ - INFO - Video 4KDE7NMshvI status: pending, stage: metadata
2026-03-13 16:05:03,113 - __main__ - INFO - GET /status/4KDE7NMshvI
2026-03-13 16:05:03,243 - __main__ - INFO - Video 4KDE7NMshvI status: pending, stage: metadata
2026-03-13 16:05:05,111 - __main__ - INFO - GET /status/4KDE7NMshvI
2026-03-13 16:05:05,211 - __main__ - INFO - Video 4KDE7NMshvI status: pending, stage: metadata
2026-03-13 16:05:07,111 - __main__ - INFO - GET /status/4KDE7NMshvI
2026-03-13 16:05:07,227 - __main__ - INFO - Video 4KDE7NMshvI status: pending, stage: metadata
2026-03-13 16:05:09,111 - __main__ - INFO - GET /status/4KDE7NMshvI
2026-03-13 16:05:09,231 - __main__ - INFO - Video 4KDE7NMshvI status: pending, stage: metadata
2026-03-13 16:05:11,111 - __main__ - INFO - GET /status/4KDE7NMshvI
2026-03-13 16:05:11,217 - __main__ - INFO - Video 4KDE7NMshvI status: pending, stage: metadata
2026-03-13 16:05:13,113 - __main__ - INFO - GET /status/4KDE7NMshvI
2026-03-13 16:05:13,229 - __main__ - INFO - Video 4KDE7NMshvI status: pending, stage: metadata
2026-03-13 16:05:15,945 - __main__ - INFO - GET /status/4KDE7NMshvI
2026-03-13 16:05:16,037 - __main__ - INFO - Video 4KDE7NMshvI status: pending, stage: metadata
2026-03-13 16:05:17,944 - __main__ - INFO - GET /status/4KDE7NMshvI
2026-03-13 16:05:18,050 - __main__ - INFO - Video 4KDE7NMshvI status: pending, stage: metadata
2026-03-13 16:05:19,943 - __main__ - INFO - GET /status/4KDE7NMshvI
2026-03-13 16:05:20,037 - __main__ - INFO - Video 4KDE7NMshvI status: pending, stage: metadata
2026-03-13 16:05:21,948 - __main__ - INFO - GET /status/4KDE7NMshvI
2026-03-13 16:05:22,071 - __main__ - INFO - Video 4KDE7NMshvI status: pending, stage: metadata
2026-03-13 16:05:23,947 - __main__ - INFO - GET /status/4KDE7NMshvI
2026-03-13 16:05:24,157 - __main__ - INFO - Video 4KDE7NMshvI status: pending, stage: metadata
2026-03-13 16:05:25,948 - __main__ - INFO - GET /status/4KDE7NMshvI
2026-03-13 16:05:26,075 - __main__ - INFO - Video 4KDE7NMshvI status: pending, stage: metadata
2026-03-13 16:05:27,949 - __main__ - INFO - GET /status/4KDE7NMshvI
2026-03-13 16:05:28,067 - __main__ - INFO - Video 4KDE7NMshvI status: pending, stage: metadata
2026-03-13 16:05:29,945 - __main__ - INFO - GET /status/4KDE7NMshvI
2026-03-13 16:05:30,057 - __main__ - INFO - Video 4KDE7NMshvI status: pending, stage: metadata
2026-03-13 16:05:31,947 - __main__ - INFO - GET /status/4KDE7NMshvI
2026-03-13 16:05:32,125 - __main__ - INFO - Video 4KDE7NMshvI status: pending, stage: metadata
2026-03-13 16:05:33,962 - __main__ - INFO - GET /status/4KDE7NMshvI
2026-03-13 16:05:34,069 - __main__ - INFO - Video 4KDE7NMshvI status: pending, stage: metadata
2026-03-13 16:05:35,948 - __main__ - INFO - GET /status/4KDE7NMshvI
2026-03-13 16:05:36,061 - __main__ - INFO - Video 4KDE7NMshvI status: pending, stage: metadata
2026-03-13 16:05:37,947 - __main__ - INFO - GET /status/4KDE7NMshvI
2026-03-13 16:05:38,049 - __main__ - INFO - Video 4KDE7NMshvI status: pending, stage: metadata
2026-03-13 16:05:39,945 - __main__ - INFO - GET /status/4KDE7NMshvI
2026-03-13 16:05:40,090 - __main__ - INFO - Video 4KDE7NMshvI status: pending, stage: metadata
2026-03-13 16:05:41,948 - __main__ - INFO - GET /status/4KDE7NMshvI
2026-03-13 16:05:42,074 - __main__ - INFO - Video 4KDE7NMshvI status: pending, stage: metadata
2026-03-13 16:05:43,943 - __main__ - INFO - GET /status/4KDE7NMshvI
2026-03-13 16:05:44,039 - __main__ - INFO - Video 4KDE7NMshvI status: pending, stage: metadata
2026-03-13 16:05:45,947 - __main__ - INFO - GET /status/4KDE7NMshvI
2026-03-13 16:05:46,049 - __main__ - INFO - Video 4KDE7NMshvI status: pending, stage: metadata
2026-03-13 16:05:47,948 - __main__ - INFO - GET /status/4KDE7NMshvI
2026-03-13 16:05:48,069 - __main__ - INFO - Video 4KDE7NMshvI status: pending, stage: metadata
2026-03-13 16:05:49,963 - __main__ - INFO - GET /status/4KDE7NMshvI
2026-03-13 16:05:50,069 - __main__ - INFO - Video 4KDE7NMshvI status: pending, stage: metadata
2026-03-13 16:05:51,956 - __main__ - INFO - GET /status/4KDE7NMshvI
2026-03-13 16:05:52,088 - __main__ - INFO - Video 4KDE7NMshvI status: pending, stage: metadata
2026-03-13 16:05:53,944 - __main__ - INFO - GET /status/4KDE7NMshvI
2026-03-13 16:05:54,067 - __main__ - INFO - Video 4KDE7NMshvI status: pending, stage: metadata
2026-03-13 16:05:55,946 - __main__ - INFO - GET /status/4KDE7NMshvI
2026-03-13 16:05:56,058 - __main__ - INFO - Video 4KDE7NMshvI status: pending, stage: metadata
2026-03-13 16:05:57,958 - __main__ - INFO - GET /status/4KDE7NMshvI
2026-03-13 16:05:58,082 - __main__ - INFO - Video 4KDE7NMshvI status: pending, stage: metadata
2026-03-13 16:05:59,952 - __main__ - INFO - GET /status/4KDE7NMshvI
2026-03-13 16:06:00,050 - __main__ - INFO - Video 4KDE7NMshvI status: pending, stage: metadata
2026-03-13 16:06:01,949 - __main__ - INFO - GET /status/4KDE7NMshvI
2026-03-13 16:06:02,085 - __main__ - INFO - Video 4KDE7NMshvI status: pending, stage: metadata
2026-03-13 16:06:03,945 - __main__ - INFO - GET /status/4KDE7NMshvI
2026-03-13 16:06:04,061 - __main__ - INFO - Video 4KDE7NMshvI status: pending, stage: metadata
2026-03-13 16:06:05,949 - __main__ - INFO - GET /status/4KDE7NMshvI
2026-03-13 16:06:06,063 - __main__ - INFO - Video 4KDE7NMshvI status: pending, stage: metadata
2026-03-13 16:06:07,947 - __main__ - INFO - GET /status/4KDE7NMshvI
2026-03-13 16:06:08,061 - __main__ - INFO - Video 4KDE7NMshvI status: pending, stage: metadata
2026-03-13 16:06:09,961 - __main__ - INFO - GET /status/4KDE7NMshvI
2026-03-13 16:06:10,085 - __main__ - INFO - Video 4KDE7NMshvI status: pending, stage: metadata
2026-03-13 16:06:11,961 - __main__ - INFO - GET /status/4KDE7NMshvI
2026-03-13 16:06:12,072 - __main__ - INFO - Video 4KDE7NMshvI status: pending, stage: metadata
2026-03-13 16:06:18,489 - __main__ - INFO - GET /status/4KDE7NMshvI
2026-03-13 16:06:18,599 - __main__ - INFO - Video 4KDE7NMshvI status: pending, stage: metadata
2026-03-13 16:06:19,112 - __main__ - INFO - GET /status/4KDE7NMshvI
2026-03-13 16:06:19,210 - __main__ - INFO - Video 4KDE7NMshvI status: pending, stage: metadata
2026-03-13 16:06:21,127 - __main__ - INFO - GET /status/4KDE7NMshvI
2026-03-13 16:06:21,244 - __main__ - INFO - Video 4KDE7NMshvI status: pending, stage: metadata
2026-03-13 16:06:23,115 - __main__ - INFO - GET /status/4KDE7NMshvI
2026-03-13 16:06:23,217 - __main__ - INFO - Video 4KDE7NMshvI status: pending, stage: metadata
2026-03-13 16:06:25,708 - __main__ - INFO - GET /status/4KDE7NMshvI
2026-03-13 16:06:25,840 - __main__ - INFO - Video 4KDE7NMshvI status: pending, stage: metadata
2026-03-13 16:06:27,111 - __main__ - INFO - GET /status/4KDE7NMshvI
2026-03-13 16:06:27,209 - __main__ - INFO - Video 4KDE7NMshvI status: pending, stage: metadata
2026-03-13 16:06:29,121 - __main__ - INFO - GET /status/4KDE7NMshvI
2026-03-13 16:06:29,215 - __main__ - INFO - Video 4KDE7NMshvI status: pending, stage: metadata
2026-03-13 16:06:31,112 - __main__ - INFO - GET /status/4KDE7NMshvI
2026-03-13 16:06:31,212 - __main__ - INFO - Video 4KDE7NMshvI status: pending, stage: metadata
2026-03-13 16:06:33,123 - __main__ - INFO - GET /status/4KDE7NMshvI
2026-03-13 16:06:33,263 - __main__ - INFO - Video 4KDE7NMshvI status: pending, stage: metadata
2026-03-13 16:06:35,126 - __main__ - INFO - GET /status/4KDE7NMshvI
2026-03-13 16:06:35,214 - __main__ - INFO - Video 4KDE7NMshvI status: pending, stage: metadata
2026-03-13 16:06:37,111 - __main__ - INFO - GET /status/4KDE7NMshvI
2026-03-13 16:06:37,201 - __main__ - INFO - Video 4KDE7NMshvI status: pending, stage: metadata
2026-03-13 16:06:39,125 - __main__ - INFO - GET /status/4KDE7NMshvI
2026-03-13 16:06:39,214 - __main__ - INFO - Video 4KDE7NMshvI status: pending, stage: metadata
2026-03-13 16:06:41,122 - __main__ - INFO - GET /status/4KDE7NMshvI
2026-03-13 16:06:41,312 - __main__ - INFO - Video 4KDE7NMshvI status: pending, stage: metadata
2026-03-13 16:06:43,129 - __main__ - INFO - GET /status/4KDE7NMshvI
2026-03-13 16:06:43,218 - __main__ - INFO - Video 4KDE7NMshvI status: pending, stage: metadata
2026-03-13 16:06:45,128 - __main__ - INFO - GET /status/4KDE7NMshvI
2026-03-13 16:06:45,223 - __main__ - INFO - Video 4KDE7NMshvI status: pending, stage: metadata
2026-03-13 16:06:47,125 - __main__ - INFO - GET /status/4KDE7NMshvI
2026-03-13 16:06:47,222 - __main__ - INFO - Video 4KDE7NMshvI status: pending, stage: metadata
2026-03-13 16:06:49,124 - __main__ - INFO - GET /status/4KDE7NMshvI
2026-03-13 16:06:49,224 - __main__ - INFO - Video 4KDE7NMshvI status: pending, stage: metadata
2026-03-13 16:06:51,123 - __main__ - INFO - GET /status/4KDE7NMshvI
2026-03-13 16:06:51,221 - __main__ - INFO - Video 4KDE7NMshvI status: pending, stage: metadata
2026-03-13 16:06:53,124 - __main__ - INFO - GET /status/4KDE7NMshvI
2026-03-13 16:06:53,224 - __main__ - INFO - Video 4KDE7NMshvI status: pending, stage: metadata
2026-03-13 16:06:55,124 - __main__ - INFO - GET /status/4KDE7NMshvI
2026-03-13 16:06:55,206 - __main__ - INFO - Video 4KDE7NMshvI status: pending, stage: metadata
2026-03-13 16:06:57,110 - __main__ - INFO - GET /status/4KDE7NMshvI
2026-03-13 16:06:57,205 - __main__ - INFO - Video 4KDE7NMshvI status: pending, stage: metadata
2026-03-13 16:06:59,115 - __main__ - INFO - GET /status/4KDE7NMshvI
2026-03-13 16:06:59,198 - __main__ - INFO - Video 4KDE7NMshvI status: pending, stage: metadata
2026-03-13 16:07:01,124 - __main__ - INFO - GET /status/4KDE7NMshvI
2026-03-13 16:07:01,222 - __main__ - INFO - Video 4KDE7NMshvI status: pending, stage: metadata
2026-03-13 16:07:03,122 - __main__ - INFO - GET /status/4KDE7NMshvI
2026-03-13 16:07:03,214 - __main__ - INFO - Video 4KDE7NMshvI status: pending, stage: metadata
2026-03-13 16:07:05,121 - __main__ - INFO - GET /status/4KDE7NMshvI
2026-03-13 16:07:05,203 - __main__ - INFO - Video 4KDE7NMshvI status: pending, stage: metadata
2026-03-13 16:07:07,126 - __main__ - INFO - GET /status/4KDE7NMshvI
2026-03-13 16:07:07,212 - __main__ - INFO - Video 4KDE7NMshvI status: pending, stage: metadata
2026-03-13 16:07:09,123 - __main__ - INFO - GET /status/4KDE7NMshvI
2026-03-13 16:07:09,214 - __main__ - INFO - Video 4KDE7NMshvI status: pending, stage: metadata
2026-03-13 16:07:11,123 - __main__ - INFO - GET /status/4KDE7NMshvI
2026-03-13 16:07:11,221 - __main__ - INFO - Video 4KDE7NMshvI status: pending, stage: metadata
2026-03-13 16:07:13,123 - __main__ - INFO - GET /status/4KDE7NMshvI
2026-03-13 16:07:13,225 - __main__ - INFO - Video 4KDE7NMshvI status: pending, stage: metadata
2026-03-13 16:07:15,135 - __main__ - INFO - GET /status/4KDE7NMshvI
2026-03-13 16:07:15,222 - __main__ - INFO - Video 4KDE7NMshvI status: pending, stage: metadata
2026-03-13 16:07:17,121 - __main__ - INFO - GET /status/4KDE7NMshvI
2026-03-13 16:07:17,210 - __main__ - INFO - Video 4KDE7NMshvI status: pending, stage: metadata
2026-03-13 16:07:19,126 - __main__ - INFO - GET /status/4KDE7NMshvI
2026-03-13 16:07:19,221 - __main__ - INFO - Video 4KDE7NMshvI status: pending, stage: metadata
2026-03-13 16:07:21,120 - __main__ - INFO - GET /status/4KDE7NMshvI
2026-03-13 16:07:21,215 - __main__ - INFO - Video 4KDE7NMshvI status: pending, stage: metadata
2026-03-13 16:07:23,121 - __main__ - INFO - GET /status/4KDE7NMshvI
2026-03-13 16:07:23,214 - __main__ - INFO - Video 4KDE7NMshvI status: pending, stage: metadata
2026-03-13 16:07:25,122 - __main__ - INFO - GET /status/4KDE7NMshvI
2026-03-13 16:07:25,221 - __main__ - INFO - Video 4KDE7NMshvI status: pending, stage: metadata
2026-03-13 16:07:27,127 - __main__ - INFO - GET /status/4KDE7NMshvI
2026-03-13 16:07:27,222 - __main__ - INFO - Video 4KDE7NMshvI status: pending, stage: metadata
2026-03-13 16:07:29,114 - __main__ - INFO - GET /status/4KDE7NMshvI
2026-03-13 16:07:29,197 - __main__ - INFO - Video 4KDE7NMshvI status: pending, stage: metadata
2026-03-13 16:07:31,122 - __main__ - INFO - GET /status/4KDE7NMshvI
2026-03-13 16:07:31,209 - __main__ - INFO - Video 4KDE7NMshvI status: pending, stage: metadata
2026-03-13 16:07:33,124 - __main__ - INFO - GET /status/4KDE7NMshvI
2026-03-13 16:07:33,212 - __main__ - INFO - Video 4KDE7NMshvI status: pending, stage: metadata
2026-03-13 16:07:35,116 - __main__ - INFO - GET /status/4KDE7NMshvI
2026-03-13 16:07:35,211 - __main__ - INFO - Video 4KDE7NMshvI status: pending, stage: metadata
2026-03-13 16:07:37,120 - __main__ - INFO - GET /status/4KDE7NMshvI
2026-03-13 16:07:37,214 - __main__ - INFO - Video 4KDE7NMshvI status: pending, stage: metadata
2026-03-13 16:07:39,128 - __main__ - INFO - GET /status/4KDE7NMshvI
2026-03-13 16:07:39,232 - __main__ - INFO - Video 4KDE7NMshvI status: pending, stage: metadata
2026-03-13 16:07:41,113 - __main__ - INFO - GET /status/4KDE7NMshvI
2026-03-13 16:07:41,198 - __main__ - INFO - Video 4KDE7NMshvI status: pending, stage: metadata
2026-03-13 16:07:43,122 - __main__ - INFO - GET /status/4KDE7NMshvI
2026-03-13 16:07:43,222 - __main__ - INFO - Video 4KDE7NMshvI status: pending, stage: metadata
2026-03-13 16:07:45,123 - __main__ - INFO - GET /status/4KDE7NMshvI
2026-03-13 16:07:45,223 - __main__ - INFO - Video 4KDE7NMshvI status: pending, stage: metadata
2026-03-13 16:07:47,116 - __main__ - INFO - GET /status/4KDE7NMshvI
2026-03-13 16:07:47,213 - __main__ - INFO - Video 4KDE7NMshvI status: pending, stage: metadata
2026-03-13 16:07:49,113 - __main__ - INFO - GET /status/4KDE7NMshvI
2026-03-13 16:07:49,197 - __main__ - INFO - Video 4KDE7NMshvI status: pending, stage: metadata
2026-03-13 16:07:51,123 - __main__ - INFO - GET /status/4KDE7NMshvI
2026-03-13 16:07:51,214 - __main__ - INFO - Video 4KDE7NMshvI status: pending, stage: metadata
2026-03-13 16:07:53,123 - __main__ - INFO - GET /status/4KDE7NMshvI
2026-03-13 16:07:53,222 - __main__ - INFO - Video 4KDE7NMshvI status: pending, stage: metadata
2026-03-13 16:07:55,122 - __main__ - INFO - GET /status/4KDE7NMshvI
2026-03-13 16:07:55,212 - __main__ - INFO - Video 4KDE7NMshvI status: pending, stage: metadata
2026-03-13 16:07:57,124 - __main__ - INFO - GET /status/4KDE7NMshvI
2026-03-13 16:07:57,229 - __main__ - INFO - Video 4KDE7NMshvI status: pending, stage: metadata
2026-03-13 16:07:59,124 - __main__ - INFO - GET /status/4KDE7NMshvI
2026-03-13 16:07:59,258 - __main__ - INFO - Video 4KDE7NMshvI status: pending, stage: metadata
2026-03-13 16:08:01,127 - __main__ - INFO - GET /status/4KDE7NMshvI
2026-03-13 16:08:01,238 - __main__ - INFO - Video 4KDE7NMshvI status: pending, stage: metadata
2026-03-13 16:08:03,127 - __main__ - INFO - GET /status/4KDE7NMshvI
2026-03-13 16:08:03,281 - __main__ - INFO - Video 4KDE7NMshvI status: pending, stage: metadata
2026-03-13 16:08:05,114 - __main__ - INFO - GET /status/4KDE7NMshvI
2026-03-13 16:08:05,203 - __main__ - INFO - Video 4KDE7NMshvI status: pending, stage: metadata
2026-03-13 16:08:07,128 - __main__ - INFO - GET /status/4KDE7NMshvI
2026-03-13 16:08:07,227 - __main__ - INFO - Video 4KDE7NMshvI status: pending, stage: metadata
2026-03-13 16:08:09,111 - __main__ - INFO - GET /status/4KDE7NMshvI
2026-03-13 16:08:09,207 - __main__ - INFO - Video 4KDE7NMshvI status: pending, stage: metadata
2026-03-13 16:08:11,128 - __main__ - INFO - GET /status/4KDE7NMshvI
2026-03-13 16:08:11,225 - __main__ - INFO - Video 4KDE7NMshvI status: pending, stage: metadata
2026-03-13 16:08:13,120 - __main__ - INFO - GET /status/4KDE7NMshvI
2026-03-13 16:08:13,221 - __main__ - INFO - Video 4KDE7NMshvI status: pending, stage: metadata
2026-03-13 16:08:15,113 - __main__ - INFO - GET /status/4KDE7NMshvI
2026-03-13 16:08:15,204 - __main__ - INFO - Video 4KDE7NMshvI status: pending, stage: metadata
2026-03-13 16:08:17,119 - __main__ - INFO - GET /status/4KDE7NMshvI
2026-03-13 16:08:17,306 - __main__ - INFO - Video 4KDE7NMshvI status: pending, stage: metadata
2026-03-13 16:08:19,123 - __main__ - INFO - GET /status/4KDE7NMshvI
2026-03-13 16:08:19,239 - __main__ - INFO - Video 4KDE7NMshvI status: pending, stage: metadata
2026-03-13 16:08:21,114 - __main__ - INFO - GET /status/4KDE7NMshvI
2026-03-13 16:08:21,276 - __main__ - INFO - Video 4KDE7NMshvI status: pending, stage: metadata
2026-03-13 16:08:23,120 - __main__ - INFO - GET /status/4KDE7NMshvI
2026-03-13 16:08:23,210 - __main__ - INFO - Video 4KDE7NMshvI status: pending, stage: metadata
2026-03-13 16:08:25,127 - __main__ - INFO - GET /status/4KDE7NMshvI
2026-03-13 16:08:25,218 - __main__ - INFO - Video 4KDE7NMshvI status: pending, stage: metadata
2026-03-13 16:08:27,120 - __main__ - INFO - GET /status/4KDE7NMshvI
2026-03-13 16:08:27,238 - __main__ - INFO - Video 4KDE7NMshvI status: pending, stage: metadata
2026-03-13 16:08:29,126 - __main__ - INFO - GET /status/4KDE7NMshvI
2026-03-13 16:08:29,353 - __main__ - INFO - Video 4KDE7NMshvI status: pending, stage: metadata
2026-03-13 16:08:31,126 - __main__ - INFO - GET /status/4KDE7NMshvI
2026-03-13 16:08:31,219 - __main__ - INFO - Video 4KDE7NMshvI status: pending, stage: metadata
2026-03-13 16:08:33,121 - __main__ - INFO - GET /status/4KDE7NMshvI
2026-03-13 16:08:33,224 - __main__ - INFO - Video 4KDE7NMshvI status: pending, stage: metadata
2026-03-13 16:08:35,125 - __main__ - INFO - GET /status/4KDE7NMshvI
2026-03-13 16:08:35,216 - __main__ - INFO - Video 4KDE7NMshvI status: pending, stage: metadata
2026-03-13 16:08:37,120 - __main__ - INFO - GET /status/4KDE7NMshvI
2026-03-13 16:08:37,214 - __main__ - INFO - Video 4KDE7NMshvI status: pending, stage: metadata
2026-03-13 16:08:39,111 - __main__ - INFO - GET /status/4KDE7NMshvI
2026-03-13 16:08:39,210 - __main__ - INFO - Video 4KDE7NMshvI status: pending, stage: metadata
2026-03-13 16:08:41,121 - __main__ - INFO - GET /status/4KDE7NMshvI
2026-03-13 16:08:41,218 - __main__ - INFO - Video 4KDE7NMshvI status: pending, stage: metadata
2026-03-13 16:08:43,115 - __main__ - INFO - GET /status/4KDE7NMshvI
2026-03-13 16:08:43,209 - __main__ - INFO - Video 4KDE7NMshvI status: pending, stage: metadata
2026-03-13 16:08:45,117 - __main__ - INFO - GET /status/4KDE7NMshvI
2026-03-13 16:08:45,201 - __main__ - INFO - Video 4KDE7NMshvI status: pending, stage: metadata
2026-03-13 16:08:47,119 - __main__ - INFO - GET /status/4KDE7NMshvI
2026-03-13 16:08:47,211 - __main__ - INFO - Video 4KDE7NMshvI status: pending, stage: metadata
2026-03-13 16:08:49,118 - __main__ - INFO - GET /status/4KDE7NMshvI
2026-03-13 16:08:49,204 - __main__ - INFO - Video 4KDE7NMshvI status: pending, stage: metadata
2026-03-13 16:08:51,124 - __main__ - INFO - GET /status/4KDE7NMshvI
2026-03-13 16:08:51,208 - __main__ - INFO - Video 4KDE7NMshvI status: pending, stage: metadata
2026-03-13 16:08:53,124 - __main__ - INFO - GET /status/4KDE7NMshvI
2026-03-13 16:08:53,220 - __main__ - INFO - Video 4KDE7NMshvI status: pending, stage: metadata
2026-03-13 16:08:55,120 - __main__ - INFO - GET /status/4KDE7NMshvI
2026-03-13 16:08:55,216 - __main__ - INFO - Video 4KDE7NMshvI status: pending, stage: metadata
2026-03-13 16:08:57,119 - __main__ - INFO - GET /status/4KDE7NMshvI
2026-03-13 16:08:57,212 - __main__ - INFO - Video 4KDE7NMshvI status: pending, stage: metadata
2026-03-13 16:08:59,116 - __main__ - INFO - GET /status/4KDE7NMshvI
2026-03-13 16:08:59,199 - __main__ - INFO - Video 4KDE7NMshvI status: pending, stage: metadata
2026-03-13 16:09:01,126 - __main__ - INFO - GET /status/4KDE7NMshvI
2026-03-13 16:09:01,218 - __main__ - INFO - Video 4KDE7NMshvI status: pending, stage: metadata
2026-03-13 16:09:03,126 - __main__ - INFO - GET /status/4KDE7NMshvI
2026-03-13 16:09:03,220 - __main__ - INFO - Video 4KDE7NMshvI status: pending, stage: metadata
2026-03-13 16:09:05,125 - __main__ - INFO - GET /status/4KDE7NMshvI
2026-03-13 16:09:05,220 - __main__ - INFO - Video 4KDE7NMshvI status: pending, stage: metadata
2026-03-13 16:09:07,121 - __main__ - INFO - GET /status/4KDE7NMshvI
2026-03-13 16:09:07,221 - __main__ - INFO - Video 4KDE7NMshvI status: pending, stage: metadata
2026-03-13 16:09:09,118 - __main__ - INFO - GET /status/4KDE7NMshvI
2026-03-13 16:09:09,204 - __main__ - INFO - Video 4KDE7NMshvI status: pending, stage: metadata
2026-03-13 16:09:11,219 - __main__ - INFO - GET /status/4KDE7NMshvI
2026-03-13 16:09:11,311 - __main__ - INFO - Video 4KDE7NMshvI status: pending, stage: metadata
2026-03-13 16:09:13,951 - __main__ - INFO - GET /status/4KDE7NMshvI
2026-03-13 16:09:14,072 - __main__ - INFO - Video 4KDE7NMshvI status: pending, stage: metadata
2026-03-13 16:09:15,943 - __main__ - INFO - GET /status/4KDE7NMshvI
2026-03-13 16:09:16,046 - __main__ - INFO - Video 4KDE7NMshvI status: pending, stage: metadata
2026-03-13 16:09:17,950 - __main__ - INFO - GET /status/4KDE7NMshvI
2026-03-13 16:09:18,041 - __main__ - INFO - Video 4KDE7NMshvI status: pending, stage: metadata
2026-03-13 16:09:19,956 - __main__ - INFO - GET /status/4KDE7NMshvI
2026-03-13 16:09:20,393 - __main__ - INFO - Video 4KDE7NMshvI status: pending, stage: metadata
2026-03-13 16:09:21,980 - __main__ - INFO - GET /status/4KDE7NMshvI
2026-03-13 16:09:22,073 - __main__ - INFO - Video 4KDE7NMshvI status: pending, stage: metadata
2026-03-13 16:09:23,958 - __main__ - INFO - GET /status/4KDE7NMshvI
2026-03-13 16:09:24,053 - __main__ - INFO - Video 4KDE7NMshvI status: pending, stage: metadata
2026-03-13 16:09:25,956 - __main__ - INFO - GET /status/4KDE7NMshvI
2026-03-13 16:09:26,052 - __main__ - INFO - Video 4KDE7NMshvI status: pending, stage: metadata
2026-03-13 16:09:27,951 - __main__ - INFO - GET /status/4KDE7NMshvI
2026-03-13 16:09:28,037 - __main__ - INFO - Video 4KDE7NMshvI status: pending, stage: metadata
2026-03-13 16:09:29,955 - __main__ - INFO - GET /status/4KDE7NMshvI
2026-03-13 16:09:30,049 - __main__ - INFO - Video 4KDE7NMshvI status: pending, stage: metadata
2026-03-13 16:09:31,951 - __main__ - INFO - GET /status/4KDE7NMshvI
2026-03-13 16:09:32,051 - __main__ - INFO - Video 4KDE7NMshvI status: pending, stage: metadata
2026-03-13 16:09:33,946 - __main__ - INFO - GET /status/4KDE7NMshvI
2026-03-13 16:09:34,032 - __main__ - INFO - Video 4KDE7NMshvI status: pending, stage: metadata
2026-03-13 16:09:35,952 - __main__ - INFO - GET /status/4KDE7NMshvI
2026-03-13 16:09:36,039 - __main__ - INFO - Video 4KDE7NMshvI status: pending, stage: metadata
2026-03-13 16:09:37,946 - __main__ - INFO - GET /status/4KDE7NMshvI
2026-03-13 16:09:38,042 - __main__ - INFO - Video 4KDE7NMshvI status: pending, stage: metadata
2026-03-13 16:09:39,949 - __main__ - INFO - GET /status/4KDE7NMshvI
2026-03-13 16:09:40,036 - __main__ - INFO - Video 4KDE7NMshvI status: pending, stage: metadata
2026-03-13 16:09:41,943 - __main__ - INFO - GET /status/4KDE7NMshvI
2026-03-13 16:09:42,043 - __main__ - INFO - Video 4KDE7NMshvI status: pending, stage: metadata
2026-03-13 16:09:43,959 - __main__ - INFO - GET /status/4KDE7NMshvI
2026-03-13 16:09:44,052 - __main__ - INFO - Video 4KDE7NMshvI status: pending, stage: metadata
2026-03-13 16:09:45,947 - __main__ - INFO - GET /status/4KDE7NMshvI
2026-03-13 16:09:46,034 - __main__ - INFO - Video 4KDE7NMshvI status: pending, stage: metadata
2026-03-13 16:09:47,948 - __main__ - INFO - GET /status/4KDE7NMshvI
2026-03-13 16:09:48,065 - __main__ - INFO - Video 4KDE7NMshvI status: pending, stage: metadata
2026-03-13 16:09:49,951 - __main__ - INFO - GET /status/4KDE7NMshvI
2026-03-13 16:09:50,040 - __main__ - INFO - Video 4KDE7NMshvI status: pending, stage: metadata
2026-03-13 16:09:51,945 - __main__ - INFO - GET /status/4KDE7NMshvI
2026-03-13 16:09:52,045 - __main__ - INFO - Video 4KDE7NMshvI status: pending, stage: metadata
2026-03-13 16:09:53,956 - __main__ - INFO - GET /status/4KDE7NMshvI
2026-03-13 16:09:54,042 - __main__ - INFO - Video 4KDE7NMshvI status: pending, stage: metadata
2026-03-13 16:09:55,966 - __main__ - INFO - GET /status/4KDE7NMshvI
2026-03-13 16:09:56,071 - __main__ - INFO - Video 4KDE7NMshvI status: pending, stage: metadata
2026-03-13 16:09:57,961 - __main__ - INFO - GET /status/4KDE7NMshvI
2026-03-13 16:09:58,059 - __main__ - INFO - Video 4KDE7NMshvI status: pending, stage: metadata
2026-03-13 16:09:59,960 - __main__ - INFO - GET /status/4KDE7NMshvI
2026-03-13 16:10:00,071 - __main__ - INFO - Video 4KDE7NMshvI status: pending, stage: metadata
2026-03-13 16:10:01,963 - __main__ - INFO - GET /status/4KDE7NMshvI
2026-03-13 16:10:02,070 - __main__ - INFO - Video 4KDE7NMshvI status: pending, stage: metadata
2026-03-13 16:10:03,959 - __main__ - INFO - GET /status/4KDE7NMshvI
2026-03-13 16:10:04,067 - __main__ - INFO - Video 4KDE7NMshvI status: pending, stage: metadata
2026-03-13 16:10:05,951 - __main__ - INFO - GET /status/4KDE7NMshvI
2026-03-13 16:10:06,060 - __main__ - INFO - Video 4KDE7NMshvI status: pending, stage: metadata
2026-03-13 16:10:07,951 - __main__ - INFO - GET /status/4KDE7NMshvI
2026-03-13 16:10:08,069 - __main__ - INFO - Video 4KDE7NMshvI status: pending, stage: metadata
2026-03-13 16:10:09,951 - __main__ - INFO - GET /status/4KDE7NMshvI
2026-03-13 16:10:10,055 - __main__ - INFO - Video 4KDE7NMshvI status: pending, stage: metadata
2026-03-13 16:10:41,303 - __main__ - INFO - GET /status/4KDE7NMshvI
2026-03-13 16:10:41,399 - __main__ - INFO - Video 4KDE7NMshvI status: pending, stage: metadata
2026-03-13 16:18:14,409 - __main__ - INFO - GET /status/4KDE7NMshvI
2026-03-13 16:18:14,714 - __main__ - INFO - Video 4KDE7NMshvI status: pending, stage: metadata
2026-03-13 16:18:15,111 - __main__ - INFO - GET /status/4KDE7NMshvI
2026-03-13 16:18:15,205 - __main__ - INFO - Video 4KDE7NMshvI status: pending, stage: metadata
2026-03-13 16:18:17,122 - __main__ - INFO - GET /status/4KDE7NMshvI
2026-03-13 16:18:17,232 - __main__ - INFO - Video 4KDE7NMshvI status: pending, stage: metadata
2026-03-13 16:18:17,655 - __main__ - INFO - POST /ingest - URL: https://www.youtube.com/watch?v=4KDE7NMshvI
2026-03-13 16:18:17,676 - __main__ - INFO - Extracted video_id: 4KDE7NMshvI
2026-03-13 16:18:17,795 - __main__ - INFO - Video 4KDE7NMshvI already being processed
2026-03-13 16:18:17,806 - __main__ - INFO - GET /status/4KDE7NMshvI
2026-03-13 16:18:17,915 - __main__ - INFO - Video 4KDE7NMshvI status: pending, stage: metadata
2026-03-13 16:18:19,819 - __main__ - INFO - GET /status/4KDE7NMshvI
2026-03-13 16:18:19,929 - __main__ - INFO - Video 4KDE7NMshvI status: pending, stage: metadata
2026-03-13 16:18:21,818 - __main__ - INFO - GET /status/4KDE7NMshvI
2026-03-13 16:18:22,002 - __main__ - INFO - Video 4KDE7NMshvI status: pending, stage: metadata
2026-03-13 16:18:23,823 - __main__ - INFO - GET /status/4KDE7NMshvI
2026-03-13 16:18:23,954 - __main__ - INFO - Video 4KDE7NMshvI status: pending, stage: metadata
2026-03-13 16:18:25,820 - __main__ - INFO - GET /status/4KDE7NMshvI
2026-03-13 16:18:26,220 - __main__ - INFO - Video 4KDE7NMshvI status: pending, stage: metadata
2026-03-13 16:18:27,820 - __main__ - INFO - GET /status/4KDE7NMshvI
2026-03-13 16:18:28,029 - __main__ - INFO - Video 4KDE7NMshvI status: pending, stage: metadata
2026-03-13 16:18:29,818 - __main__ - INFO - GET /status/4KDE7NMshvI
2026-03-13 16:18:29,934 - __main__ - INFO - Video 4KDE7NMshvI status: pending, stage: metadata
2026-03-13 16:18:31,819 - __main__ - INFO - GET /status/4KDE7NMshvI
2026-03-13 16:18:32,017 - __main__ - INFO - Video 4KDE7NMshvI status: pending, stage: metadata
2026-03-13 16:18:33,820 - __main__ - INFO - GET /status/4KDE7NMshvI
2026-03-13 16:18:33,945 - __main__ - INFO - Video 4KDE7NMshvI status: pending, stage: metadata
2026-03-13 16:18:35,810 - __main__ - INFO - GET /status/4KDE7NMshvI
2026-03-13 16:18:35,902 - __main__ - INFO - Video 4KDE7NMshvI status: pending, stage: metadata
2026-03-13 16:18:37,827 - __main__ - INFO - GET /status/4KDE7NMshvI
2026-03-13 16:18:37,926 - __main__ - INFO - Video 4KDE7NMshvI status: pending, stage: metadata
2026-03-13 16:18:39,824 - __main__ - INFO - GET /status/4KDE7NMshvI
2026-03-13 16:18:39,924 - __main__ - INFO - Video 4KDE7NMshvI status: pending, stage: metadata
2026-03-13 16:18:41,820 - __main__ - INFO - GET /status/4KDE7NMshvI
2026-03-13 16:18:41,920 - __main__ - INFO - Video 4KDE7NMshvI status: pending, stage: metadata
2026-03-13 16:18:43,822 - __main__ - INFO - GET /status/4KDE7NMshvI
2026-03-13 16:18:44,003 - __main__ - INFO - Video 4KDE7NMshvI status: pending, stage: metadata
2026-03-13 16:18:45,811 - __main__ - INFO - GET /status/4KDE7NMshvI
2026-03-13 16:18:45,916 - __main__ - INFO - Video 4KDE7NMshvI status: pending, stage: metadata
2026-03-13 16:18:47,825 - __main__ - INFO - GET /status/4KDE7NMshvI
2026-03-13 16:18:47,994 - __main__ - INFO - Video 4KDE7NMshvI status: pending, stage: metadata
2026-03-13 16:18:49,822 - __main__ - INFO - GET /status/4KDE7NMshvI
2026-03-13 16:18:49,920 - __main__ - INFO - Video 4KDE7NMshvI status: pending, stage: metadata
2026-03-13 16:18:51,824 - __main__ - INFO - GET /status/4KDE7NMshvI
2026-03-13 16:18:51,961 - __main__ - INFO - Video 4KDE7NMshvI status: pending, stage: metadata
2026-03-13 16:18:53,811 - __main__ - INFO - GET /status/4KDE7NMshvI
2026-03-13 16:18:53,928 - __main__ - INFO - Video 4KDE7NMshvI status: pending, stage: metadata
2026-03-13 16:18:55,817 - __main__ - INFO - GET /status/4KDE7NMshvI
2026-03-13 16:18:55,926 - __main__ - INFO - Video 4KDE7NMshvI status: pending, stage: metadata
2026-03-13 16:18:57,814 - __main__ - INFO - GET /status/4KDE7NMshvI
2026-03-13 16:18:57,934 - __main__ - INFO - Video 4KDE7NMshvI status: pending, stage: metadata
2026-03-13 16:18:59,818 - __main__ - INFO - GET /status/4KDE7NMshvI
2026-03-13 16:18:59,955 - __main__ - INFO - Video 4KDE7NMshvI status: pending, stage: metadata
2026-03-13 16:19:01,953 - __main__ - INFO - GET /status/4KDE7NMshvI
2026-03-13 16:19:02,046 - __main__ - INFO - Video 4KDE7NMshvI status: pending, stage: metadata
2026-03-13 16:19:03,947 - __main__ - INFO - GET /status/4KDE7NMshvI
2026-03-13 16:19:04,050 - __main__ - INFO - Video 4KDE7NMshvI status: pending, stage: metadata
2026-03-13 16:19:05,952 - __main__ - INFO - GET /status/4KDE7NMshvI
2026-03-13 16:19:06,058 - __main__ - INFO - Video 4KDE7NMshvI status: pending, stage: metadata
2026-03-13 16:19:07,945 - __main__ - INFO - GET /status/4KDE7NMshvI
2026-03-13 16:19:08,037 - __main__ - INFO - Video 4KDE7NMshvI status: pending, stage: metadata
2026-03-13 16:19:09,948 - __main__ - INFO - GET /status/4KDE7NMshvI
2026-03-13 16:19:10,058 - __main__ - INFO - Video 4KDE7NMshvI status: pending, stage: metadata
2026-03-13 16:19:11,955 - __main__ - INFO - GET /status/4KDE7NMshvI
2026-03-13 16:19:12,048 - __main__ - INFO - Video 4KDE7NMshvI status: pending, stage: metadata
2026-03-13 16:19:13,947 - __main__ - INFO - GET /status/4KDE7NMshvI
2026-03-13 16:19:14,052 - __main__ - INFO - Video 4KDE7NMshvI status: pending, stage: metadata
2026-03-13 16:19:15,959 - __main__ - INFO - GET /status/4KDE7NMshvI
2026-03-13 16:19:16,076 - __main__ - INFO - Video 4KDE7NMshvI status: pending, stage: metadata
2026-03-13 16:19:17,957 - __main__ - INFO - GET /status/4KDE7NMshvI
2026-03-13 16:19:18,056 - __main__ - INFO - Video 4KDE7NMshvI status: pending, stage: metadata
2026-03-13 16:19:19,956 - __main__ - INFO - GET /status/4KDE7NMshvI
2026-03-13 16:19:20,156 - __main__ - INFO - Video 4KDE7NMshvI status: pending, stage: metadata
2026-03-13 16:19:21,956 - __main__ - INFO - GET /status/4KDE7NMshvI
2026-03-13 16:19:22,160 - __main__ - INFO - Video 4KDE7NMshvI status: pending, stage: metadata
2026-03-13 16:19:23,957 - __main__ - INFO - GET /status/4KDE7NMshvI
2026-03-13 16:19:24,073 - __main__ - INFO - Video 4KDE7NMshvI status: pending, stage: metadata
2026-03-13 16:19:25,953 - __main__ - INFO - GET /status/4KDE7NMshvI
2026-03-13 16:19:26,040 - __main__ - INFO - Video 4KDE7NMshvI status: pending, stage: metadata
2026-03-13 16:19:27,942 - __main__ - INFO - GET /status/4KDE7NMshvI
2026-03-13 16:19:28,045 - __main__ - INFO - Video 4KDE7NMshvI status: pending, stage: metadata
2026-03-13 16:19:29,954 - __main__ - INFO - GET /status/4KDE7NMshvI
2026-03-13 16:19:30,049 - __main__ - INFO - Video 4KDE7NMshvI status: pending, stage: metadata
2026-03-13 16:19:31,950 - __main__ - INFO - GET /status/4KDE7NMshvI
2026-03-13 16:19:32,046 - __main__ - INFO - Video 4KDE7NMshvI status: pending, stage: metadata
2026-03-13 16:19:33,949 - __main__ - INFO - GET /status/4KDE7NMshvI
2026-03-13 16:19:34,035 - __main__ - INFO - Video 4KDE7NMshvI status: pending, stage: metadata
2026-03-13 16:19:35,952 - __main__ - INFO - GET /status/4KDE7NMshvI
2026-03-13 16:19:36,052 - __main__ - INFO - Video 4KDE7NMshvI status: pending, stage: metadata
2026-03-13 16:19:37,953 - __main__ - INFO - GET /status/4KDE7NMshvI
2026-03-13 16:19:38,069 - __main__ - INFO - Video 4KDE7NMshvI status: pending, stage: metadata
2026-03-13 16:19:39,950 - __main__ - INFO - GET /status/4KDE7NMshvI
2026-03-13 16:19:40,066 - __main__ - INFO - Video 4KDE7NMshvI status: pending, stage: metadata
2026-03-13 16:19:41,951 - __main__ - INFO - GET /status/4KDE7NMshvI
2026-03-13 16:19:42,053 - __main__ - INFO - Video 4KDE7NMshvI status: pending, stage: metadata
2026-03-13 16:19:43,955 - __main__ - INFO - GET /status/4KDE7NMshvI
2026-03-13 16:19:44,064 - __main__ - INFO - Video 4KDE7NMshvI status: pending, stage: metadata
2026-03-13 16:19:45,952 - __main__ - INFO - GET /status/4KDE7NMshvI
2026-03-13 16:19:46,043 - __main__ - INFO - Video 4KDE7NMshvI status: pending, stage: metadata
2026-03-13 16:19:47,946 - __main__ - INFO - GET /status/4KDE7NMshvI
2026-03-13 16:19:48,051 - __main__ - INFO - Video 4KDE7NMshvI status: pending, stage: metadata
2026-03-13 16:19:49,953 - __main__ - INFO - GET /status/4KDE7NMshvI
2026-03-13 16:19:50,067 - __main__ - INFO - Video 4KDE7NMshvI status: pending, stage: metadata
2026-03-13 16:19:51,951 - __main__ - INFO - GET /status/4KDE7NMshvI
2026-03-13 16:19:52,059 - __main__ - INFO - Video 4KDE7NMshvI status: pending, stage: metadata
2026-03-13 16:19:53,954 - __main__ - INFO - GET /status/4KDE7NMshvI
2026-03-13 16:19:54,062 - __main__ - INFO - Video 4KDE7NMshvI status: pending, stage: metadata
2026-03-13 16:19:55,946 - __main__ - INFO - GET /status/4KDE7NMshvI
2026-03-13 16:19:56,108 - __main__ - INFO - Video 4KDE7NMshvI status: pending, stage: metadata
2026-03-13 16:19:57,954 - __main__ - INFO - GET /status/4KDE7NMshvI
2026-03-13 16:19:58,047 - __main__ - INFO - Video 4KDE7NMshvI status: pending, stage: metadata
2026-03-13 16:19:59,950 - __main__ - INFO - GET /status/4KDE7NMshvI
2026-03-13 16:20:00,045 - __main__ - INFO - Video 4KDE7NMshvI status: pending, stage: metadata
2026-03-13 16:20:34,407 - __main__ - INFO - GET /status/4KDE7NMshvI
2026-03-13 16:20:34,500 - __main__ - INFO - Video 4KDE7NMshvI status: pending, stage: metadata
2026-03-13 16:20:35,814 - __main__ - INFO - GET /status/4KDE7NMshvI
2026-03-13 16:20:35,918 - __main__ - INFO - Video 4KDE7NMshvI status: pending, stage: metadata
2026-03-13 16:20:37,826 - __main__ - INFO - GET /status/4KDE7NMshvI
2026-03-13 16:20:37,933 - __main__ - INFO - Video 4KDE7NMshvI status: pending, stage: metadata
2026-03-13 16:20:39,956 - __main__ - INFO - GET /status/4KDE7NMshvI
2026-03-13 16:20:40,056 - __main__ - INFO - Video 4KDE7NMshvI status: pending, stage: metadata
2026-03-13 16:20:41,979 - __main__ - INFO - GET /status/4KDE7NMshvI
2026-03-13 16:20:42,092 - __main__ - INFO - Video 4KDE7NMshvI status: pending, stage: metadata
2026-03-13 16:20:43,955 - __main__ - INFO - GET /status/4KDE7NMshvI
2026-03-13 16:20:44,068 - __main__ - INFO - Video 4KDE7NMshvI status: pending, stage: metadata
2026-03-13 16:20:45,943 - __main__ - INFO - GET /status/4KDE7NMshvI
2026-03-13 16:20:46,050 - __main__ - INFO - Video 4KDE7NMshvI status: pending, stage: metadata
2026-03-13 16:20:47,946 - __main__ - INFO - GET /status/4KDE7NMshvI
2026-03-13 16:20:48,035 - __main__ - INFO - Video 4KDE7NMshvI status: pending, stage: metadata
2026-03-13 16:20:49,947 - __main__ - INFO - GET /status/4KDE7NMshvI
2026-03-13 16:20:50,058 - __main__ - INFO - Video 4KDE7NMshvI status: pending, stage: metadata
2026-03-13 16:20:51,952 - __main__ - INFO - GET /status/4KDE7NMshvI
2026-03-13 16:20:52,046 - __main__ - INFO - Video 4KDE7NMshvI status: pending, stage: metadata
2026-03-13 16:20:53,948 - __main__ - INFO - GET /status/4KDE7NMshvI
2026-03-13 16:20:54,057 - __main__ - INFO - Video 4KDE7NMshvI status: pending, stage: metadata
2026-03-13 16:20:56,059 - __main__ - INFO - GET /status/4KDE7NMshvI
2026-03-13 16:20:56,179 - __main__ - INFO - Video 4KDE7NMshvI status: pending, stage: metadata
2026-03-13 16:20:57,956 - __main__ - INFO - GET /status/4KDE7NMshvI
2026-03-13 16:20:58,058 - __main__ - INFO - Video 4KDE7NMshvI status: pending, stage: metadata
2026-03-13 16:20:59,952 - __main__ - INFO - GET /status/4KDE7NMshvI
2026-03-13 16:21:00,068 - ingest.firestore_client - WARNING - Video not found: 4KDE7NMshvI
2026-03-13 16:21:00,069 - __main__ - WARNING - Video not found: 4KDE7NMshvI
2026-03-13 16:21:01,948 - __main__ - INFO - GET /status/4KDE7NMshvI
2026-03-13 16:21:02,076 - ingest.firestore_client - WARNING - Video not found: 4KDE7NMshvI
2026-03-13 16:21:02,076 - __main__ - WARNING - Video not found: 4KDE7NMshvI
2026-03-13 16:21:03,953 - __main__ - INFO - GET /status/4KDE7NMshvI
2026-03-13 16:21:04,063 - ingest.firestore_client - WARNING - Video not found: 4KDE7NMshvI
2026-03-13 16:21:04,064 - __main__ - WARNING - Video not found: 4KDE7NMshvI
2026-03-13 16:21:05,946 - __main__ - INFO - GET /status/4KDE7NMshvI
2026-03-13 16:21:06,044 - ingest.firestore_client - WARNING - Video not found: 4KDE7NMshvI
2026-03-13 16:21:06,045 - __main__ - WARNING - Video not found: 4KDE7NMshvI
2026-03-13 16:21:07,950 - __main__ - INFO - GET /status/4KDE7NMshvI
2026-03-13 16:21:08,052 - ingest.firestore_client - WARNING - Video not found: 4KDE7NMshvI
2026-03-13 16:21:08,053 - __main__ - WARNING - Video not found: 4KDE7NMshvI
2026-03-13 16:21:09,950 - __main__ - INFO - GET /status/4KDE7NMshvI
2026-03-13 16:21:10,048 - ingest.firestore_client - WARNING - Video not found: 4KDE7NMshvI
2026-03-13 16:21:10,049 - __main__ - WARNING - Video not found: 4KDE7NMshvI
2026-03-13 16:21:11,948 - __main__ - INFO - GET /status/4KDE7NMshvI
2026-03-13 16:21:12,075 - ingest.firestore_client - WARNING - Video not found: 4KDE7NMshvI
2026-03-13 16:21:12,076 - __main__ - WARNING - Video not found: 4KDE7NMshvI
2026-03-13 16:21:13,948 - __main__ - INFO - GET /status/4KDE7NMshvI
2026-03-13 16:21:14,042 - ingest.firestore_client - WARNING - Video not found: 4KDE7NMshvI
2026-03-13 16:21:14,043 - __main__ - WARNING - Video not found: 4KDE7NMshvI
2026-03-13 16:21:15,954 - __main__ - INFO - GET /status/4KDE7NMshvI
2026-03-13 16:21:16,063 - ingest.firestore_client - WARNING - Video not found: 4KDE7NMshvI
2026-03-13 16:21:16,064 - __main__ - WARNING - Video not found: 4KDE7NMshvI
2026-03-13 16:21:17,947 - __main__ - INFO - GET /status/4KDE7NMshvI
2026-03-13 16:21:18,036 - ingest.firestore_client - WARNING - Video not found: 4KDE7NMshvI
2026-03-13 16:21:18,036 - __main__ - WARNING - Video not found: 4KDE7NMshvI
2026-03-13 16:21:19,950 - __main__ - INFO - GET /status/4KDE7NMshvI
2026-03-13 16:21:20,054 - ingest.firestore_client - WARNING - Video not found: 4KDE7NMshvI
2026-03-13 16:21:20,054 - __main__ - WARNING - Video not found: 4KDE7NMshvI
2026-03-13 16:21:21,956 - __main__ - INFO - GET /status/4KDE7NMshvI
2026-03-13 16:21:22,049 - ingest.firestore_client - WARNING - Video not found: 4KDE7NMshvI
2026-03-13 16:21:22,050 - __main__ - WARNING - Video not found: 4KDE7NMshvI
2026-03-13 16:21:23,951 - __main__ - INFO - GET /status/4KDE7NMshvI
2026-03-13 16:21:24,055 - ingest.firestore_client - WARNING - Video not found: 4KDE7NMshvI
2026-03-13 16:21:24,055 - __main__ - WARNING - Video not found: 4KDE7NMshvI
2026-03-13 16:21:25,955 - __main__ - INFO - GET /status/4KDE7NMshvI
2026-03-13 16:21:26,068 - ingest.firestore_client - WARNING - Video not found: 4KDE7NMshvI
2026-03-13 16:21:26,069 - __main__ - WARNING - Video not found: 4KDE7NMshvI
2026-03-13 16:21:27,942 - __main__ - INFO - GET /status/4KDE7NMshvI
2026-03-13 16:21:28,035 - ingest.firestore_client - WARNING - Video not found: 4KDE7NMshvI
2026-03-13 16:21:28,036 - __main__ - WARNING - Video not found: 4KDE7NMshvI
2026-03-13 16:21:29,952 - __main__ - INFO - GET /status/4KDE7NMshvI
2026-03-13 16:21:30,035 - ingest.firestore_client - WARNING - Video not found: 4KDE7NMshvI
2026-03-13 16:21:30,036 - __main__ - WARNING - Video not found: 4KDE7NMshvI
2026-03-13 16:21:31,952 - __main__ - INFO - GET /status/4KDE7NMshvI
2026-03-13 16:21:32,049 - ingest.firestore_client - WARNING - Video not found: 4KDE7NMshvI
2026-03-13 16:21:32,049 - __main__ - WARNING - Video not found: 4KDE7NMshvI
2026-03-13 16:21:33,956 - __main__ - INFO - GET /status/4KDE7NMshvI
2026-03-13 16:21:34,064 - ingest.firestore_client - WARNING - Video not found: 4KDE7NMshvI
2026-03-13 16:21:34,065 - __main__ - WARNING - Video not found: 4KDE7NMshvI
2026-03-13 16:21:35,948 - __main__ - INFO - GET /status/4KDE7NMshvI
2026-03-13 16:21:36,077 - ingest.firestore_client - WARNING - Video not found: 4KDE7NMshvI
2026-03-13 16:21:36,077 - __main__ - WARNING - Video not found: 4KDE7NMshvI
2026-03-13 16:21:37,951 - __main__ - INFO - GET /status/4KDE7NMshvI
2026-03-13 16:21:38,054 - ingest.firestore_client - WARNING - Video not found: 4KDE7NMshvI
2026-03-13 16:21:38,054 - __main__ - WARNING - Video not found: 4KDE7NMshvI
2026-03-13 16:21:40,946 - __main__ - INFO - GET /status/4KDE7NMshvI
2026-03-13 16:21:41,043 - ingest.firestore_client - WARNING - Video not found: 4KDE7NMshvI
2026-03-13 16:21:41,044 - __main__ - WARNING - Video not found: 4KDE7NMshvI
2026-03-13 16:22:41,339 - __main__ - INFO - GET /status/4KDE7NMshvI
2026-03-13 16:22:41,434 - ingest.firestore_client - WARNING - Video not found: 4KDE7NMshvI
2026-03-13 16:22:41,435 - __main__ - WARNING - Video not found: 4KDE7NMshvI
2026-03-13 16:23:40,954 - __main__ - INFO - GET /status/4KDE7NMshvI
2026-03-13 16:23:41,096 - ingest.firestore_client - WARNING - Video not found: 4KDE7NMshvI
2026-03-13 16:23:41,098 - __main__ - WARNING - Video not found: 4KDE7NMshvI
2026-03-13 16:24:41,263 - __main__ - INFO - GET /status/4KDE7NMshvI
2026-03-13 16:24:41,382 - ingest.firestore_client - WARNING - Video not found: 4KDE7NMshvI
2026-03-13 16:24:41,383 - __main__ - WARNING - Video not found: 4KDE7NMshvI
2026-03-13 16:25:40,946 - __main__ - INFO - GET /status/4KDE7NMshvI
2026-03-13 16:25:41,042 - ingest.firestore_client - WARNING - Video not found: 4KDE7NMshvI
2026-03-13 16:25:41,043 - __main__ - WARNING - Video not found: 4KDE7NMshvI
2026-03-13 16:26:41,269 - __main__ - INFO - GET /status/4KDE7NMshvI
2026-03-13 16:26:41,376 - ingest.firestore_client - WARNING - Video not found: 4KDE7NMshvI
2026-03-13 16:26:41,376 - __main__ - WARNING - Video not found: 4KDE7NMshvI
2026-03-13 16:31:52,515 - __main__ - INFO - ======================================================================
2026-03-13 16:31:52,524 - __main__ - INFO - TEAM-GRADE INGESTION API - SHUTTING DOWN
2026-03-13 16:31:52,524 - __main__ - INFO - ======================================================================
2026-03-13 16:36:25,157 - ingest.ingest_worker - INFO - ============================================================
2026-03-13 16:36:25,158 - ingest.ingest_worker - INFO - TEAM-GRADE Ingestion Worker Started
2026-03-13 16:36:25,159 - ingest.ingest_worker - INFO - Log file: logs\ingest.log
2026-03-13 16:36:25,159 - ingest.ingest_worker - INFO - ============================================================
2026-03-13 16:36:25,160 - ingest.youtube_downloader - INFO - Initialized downloader with output dir: raw_videos
2026-03-13 16:36:25,161 - ingest.ingest_worker - INFO - Using credentials file: C:\Users\ricky\OneDrive\Desktop\Team-Grade\TEAM-GRADE\credentials\service-account.json
2026-03-13 16:36:29,516 - ingest.firestore_client - INFO - Initializing Firestore client for project: the-bridge-athletics1
2026-03-13 16:36:29,517 - ingest.firestore_client - INFO - Credentials path: C:\Users\ricky\OneDrive\Desktop\Team-Grade\TEAM-GRADE\credentials\service-account.json
2026-03-13 16:36:30,606 - ingest.queue_manager - INFO - Queue manager initialized
2026-03-13 16:36:30,626 - ingest.firestore_client - INFO - Initializing Firestore client for project: the-bridge-athletics1
2026-03-13 16:36:30,627 - ingest.firestore_client - INFO - Credentials path: C:\Users\ricky\OneDrive\Desktop\Team-Grade\TEAM-GRADE\credentials\service-account.json
2026-03-13 16:36:32,477 - __main__ - INFO - Starting FastAPI server on http://0.0.0.0:8000
2026-03-13 16:36:32,477 - __main__ - INFO - API documentation available at http://0.0.0.0:8000/docs
2026-03-13 16:36:32,478 - __main__ - INFO - UI available at http://0.0.0.0:8000/ui/
2026-03-13 16:36:32,554 - __main__ - INFO - ======================================================================
2026-03-13 16:36:32,555 - __main__ - INFO - TEAM-GRADE INGESTION API - STARTING
2026-03-13 16:36:32,555 - __main__ - INFO - ======================================================================
2026-03-13 16:36:50,204 - __main__ - INFO - GET /status/4KDE7NMshvI
2026-03-13 16:36:50,350 - ingest.firestore_client - WARNING - Video not found: 4KDE7NMshvI
2026-03-13 16:36:50,350 - __main__ - WARNING - Video not found: 4KDE7NMshvI
2026-03-13 16:36:51,828 - __main__ - INFO - GET /status/4KDE7NMshvI
2026-03-13 16:36:51,993 - ingest.firestore_client - WARNING - Video not found: 4KDE7NMshvI
2026-03-13 16:36:51,994 - __main__ - WARNING - Video not found: 4KDE7NMshvI
2026-03-13 16:36:53,827 - __main__ - INFO - GET /status/4KDE7NMshvI
2026-03-13 16:36:53,925 - ingest.firestore_client - WARNING - Video not found: 4KDE7NMshvI
2026-03-13 16:36:53,926 - __main__ - WARNING - Video not found: 4KDE7NMshvI
2026-03-13 16:36:55,812 - __main__ - INFO - GET /status/4KDE7NMshvI
2026-03-13 16:36:55,916 - ingest.firestore_client - WARNING - Video not found: 4KDE7NMshvI
2026-03-13 16:36:55,917 - __main__ - WARNING - Video not found: 4KDE7NMshvI
2026-03-13 16:36:57,821 - __main__ - INFO - GET /status/4KDE7NMshvI
2026-03-13 16:36:57,939 - ingest.firestore_client - WARNING - Video not found: 4KDE7NMshvI
2026-03-13 16:36:57,940 - __main__ - WARNING - Video not found: 4KDE7NMshvI
2026-03-13 16:36:59,812 - __main__ - INFO - GET /status/4KDE7NMshvI
2026-03-13 16:36:59,917 - ingest.firestore_client - WARNING - Video not found: 4KDE7NMshvI
2026-03-13 16:36:59,918 - __main__ - WARNING - Video not found: 4KDE7NMshvI
2026-03-13 16:37:01,810 - __main__ - INFO - GET /status/4KDE7NMshvI
2026-03-13 16:37:01,918 - ingest.firestore_client - WARNING - Video not found: 4KDE7NMshvI
2026-03-13 16:37:01,919 - __main__ - WARNING - Video not found: 4KDE7NMshvI
2026-03-13 16:37:03,820 - __main__ - INFO - GET /status/4KDE7NMshvI
2026-03-13 16:37:03,920 - ingest.firestore_client - WARNING - Video not found: 4KDE7NMshvI
2026-03-13 16:37:03,921 - __main__ - WARNING - Video not found: 4KDE7NMshvI
2026-03-13 16:37:05,833 - __main__ - INFO - GET /status/4KDE7NMshvI
2026-03-13 16:37:07,260 - ingest.firestore_client - WARNING - Video not found: 4KDE7NMshvI
2026-03-13 16:37:07,262 - __main__ - WARNING - Video not found: 4KDE7NMshvI
2026-03-13 16:37:07,840 - __main__ - INFO - GET /status/4KDE7NMshvI
2026-03-13 16:37:07,948 - ingest.firestore_client - WARNING - Video not found: 4KDE7NMshvI
2026-03-13 16:37:07,949 - __main__ - WARNING - Video not found: 4KDE7NMshvI
2026-03-13 16:37:09,958 - __main__ - INFO - GET /status/4KDE7NMshvI
2026-03-13 16:37:10,057 - ingest.firestore_client - WARNING - Video not found: 4KDE7NMshvI
2026-03-13 16:37:10,058 - __main__ - WARNING - Video not found: 4KDE7NMshvI
2026-03-13 16:37:11,942 - __main__ - INFO - GET /status/4KDE7NMshvI
2026-03-13 16:37:12,035 - ingest.firestore_client - WARNING - Video not found: 4KDE7NMshvI
2026-03-13 16:37:12,036 - __main__ - WARNING - Video not found: 4KDE7NMshvI
2026-03-13 16:37:13,955 - __main__ - INFO - GET /status/4KDE7NMshvI
2026-03-13 16:37:14,039 - ingest.firestore_client - WARNING - Video not found: 4KDE7NMshvI
2026-03-13 16:37:14,041 - __main__ - WARNING - Video not found: 4KDE7NMshvI
2026-03-13 16:37:15,777 - __main__ - INFO - POST /ingest - URL: https://www.youtube.com/watch?v=4KDE7NMshvI
2026-03-13 16:37:15,783 - __main__ - INFO - Extracted video_id: 4KDE7NMshvI
2026-03-13 16:37:16,072 - __main__ - INFO - Queue integrity check - video_exists: False, queue_exists: False, status: None
2026-03-13 16:37:16,118 - ingest.ingest_worker - INFO - 
============================================================
2026-03-13 16:37:16,119 - ingest.ingest_worker - INFO - Starting ingestion for: https://www.youtube.com/watch?v=4KDE7NMshvI
2026-03-13 16:37:16,119 - ingest.ingest_worker - INFO - ============================================================
2026-03-13 16:37:16,120 - ingest.ingest_worker - INFO - Step 1/5: Extracting video ID...
2026-03-13 16:37:16,274 - ingest.firestore_client - WARNING - Video metadata not found: 4KDE7NMshvI
2026-03-13 16:37:16,275 - ingest.ingest_worker - INFO - Step 2/5: Fetching metadata...
2026-03-13 16:37:16,774 - ingest.youtube_downloader - INFO - Fetching video info for: https://www.youtube.com/watch?v=4KDE7NMshvI
2026-03-13 16:37:19,350 - ingest.ingest_worker - INFO - Step 3/5: Parsing football metadata...
2026-03-13 16:37:19,350 - ingest.youtube_metadata - INFO - Parsing metadata for title: CFP National Championship: Miami Hurricanes vs. Indiana Hoosiers | Full Game Hig...
2026-03-13 16:37:19,354 - ingest.youtube_metadata - INFO - Parsed metadata: Teams=Miami Hurricanes vs Indiana Hoosiers, Year=None, Level=college
2026-03-13 16:37:19,354 - ingest.ingest_worker - INFO -   Teams: Miami Hurricanes vs Indiana Hoosiers
2026-03-13 16:37:19,354 - ingest.ingest_worker - INFO -   Year: None
2026-03-13 16:37:19,354 - ingest.ingest_worker - INFO -   Level: college
2026-03-13 16:37:19,354 - ingest.ingest_worker - INFO - Step 4/5: Downloading video...
2026-03-13 16:37:19,356 - ingest.youtube_downloader - INFO - Starting download from https://www.youtube.com/watch?v=4KDE7NMshvI
2026-03-13 16:37:19,356 - ingest.youtube_downloader - INFO - Output path: raw_videos\youtube_4KDE7NMshvI_20260313_163719.mp4
2026-03-13 16:37:19,356 - ingest.youtube_downloader - INFO - Download attempt 1/3
2026-03-13 16:37:21,347 - ingest.youtube_downloader - INFO - Downloading: 0.0% (0.4 MB/s)
2026-03-13 16:37:21,348 - ingest.youtube_downloader - INFO - Downloading: 0.0% (0.5 MB/s)
2026-03-13 16:37:21,348 - ingest.youtube_downloader - INFO - Downloading: 0.0% (1.1 MB/s)
2026-03-13 16:37:21,349 - ingest.youtube_downloader - INFO - Downloading: 0.0% (2.1 MB/s)
2026-03-13 16:37:21,351 - ingest.youtube_downloader - INFO - Downloading: 0.0% (3.9 MB/s)
2026-03-13 16:37:21,358 - ingest.youtube_downloader - INFO - Downloading: 0.0% (3.9 MB/s)
2026-03-13 16:37:21,370 - ingest.youtube_downloader - INFO - Downloading: 0.1% (4.5 MB/s)
2026-03-13 16:37:21,391 - ingest.youtube_downloader - INFO - Downloading: 0.2% (5.1 MB/s)
2026-03-13 16:37:21,442 - ingest.youtube_downloader - INFO - Downloading: 0.3% (5.0 MB/s)
2026-03-13 16:37:21,541 - ingest.youtube_downloader - INFO - Downloading: 0.7% (5.0 MB/s)
2026-03-13 16:37:21,843 - ingest.youtube_downloader - INFO - Downloading: 1.3% (4.0 MB/s)
2026-03-13 16:37:22,175 - ingest.youtube_downloader - INFO - Downloading: 2.6% (4.8 MB/s)
2026-03-13 16:37:22,823 - ingest.youtube_downloader - INFO - Downloading: 5.3% (5.4 MB/s)
2026-03-13 16:37:23,087 - ingest.youtube_downloader - INFO - Downloading: 6.4% (5.5 MB/s)
2026-03-13 16:37:23,142 - ingest.youtube_downloader - INFO - Downloading: 6.4% (0.5 MB/s)
2026-03-13 16:37:23,144 - ingest.youtube_downloader - INFO - Downloading: 6.4% (1.0 MB/s)
2026-03-13 16:37:23,145 - ingest.youtube_downloader - INFO - Downloading: 6.4% (1.7 MB/s)
2026-03-13 16:37:23,146 - ingest.youtube_downloader - INFO - Downloading: 6.4% (2.7 MB/s)
2026-03-13 16:37:23,147 - ingest.youtube_downloader - INFO - Downloading: 6.4% (4.8 MB/s)
2026-03-13 16:37:23,153 - ingest.youtube_downloader - INFO - Downloading: 6.4% (5.1 MB/s)
2026-03-13 16:37:23,165 - ingest.youtube_downloader - INFO - Downloading: 6.5% (5.1 MB/s)
2026-03-13 16:37:23,183 - ingest.youtube_downloader - INFO - Downloading: 6.5% (6.0 MB/s)
2026-03-13 16:37:23,222 - ingest.youtube_downloader - INFO - Downloading: 6.7% (6.1 MB/s)
2026-03-13 16:37:23,315 - ingest.youtube_downloader - INFO - Downloading: 7.0% (5.7 MB/s)
2026-03-13 16:37:23,474 - ingest.youtube_downloader - INFO - Downloading: 7.7% (6.0 MB/s)
2026-03-13 16:37:23,745 - ingest.youtube_downloader - INFO - Downloading: 9.0% (6.6 MB/s)
2026-03-13 16:37:24,210 - ingest.youtube_downloader - INFO - Downloading: 11.7% (7.5 MB/s)
2026-03-13 16:37:24,392 - ingest.youtube_downloader - INFO - Downloading: 12.8% (7.7 MB/s)
2026-03-13 16:37:24,460 - ingest.youtube_downloader - INFO - Downloading: 12.8% (0.7 MB/s)
2026-03-13 16:37:24,460 - ingest.youtube_downloader - INFO - Downloading: 12.8% (1.1 MB/s)
2026-03-13 16:37:24,461 - ingest.youtube_downloader - INFO - Downloading: 12.8% (2.0 MB/s)
2026-03-13 16:37:24,462 - ingest.youtube_downloader - INFO - Downloading: 12.8% (3.3 MB/s)
2026-03-13 16:37:24,463 - ingest.youtube_downloader - INFO - Downloading: 12.8% (5.6 MB/s)
2026-03-13 16:37:24,472 - ingest.youtube_downloader - INFO - Downloading: 12.8% (4.5 MB/s)
2026-03-13 16:37:24,480 - ingest.youtube_downloader - INFO - Downloading: 12.9% (5.7 MB/s)
2026-03-13 16:37:24,494 - ingest.youtube_downloader - INFO - Downloading: 12.9% (6.8 MB/s)
2026-03-13 16:37:24,523 - ingest.youtube_downloader - INFO - Downloading: 13.1% (7.6 MB/s)
2026-03-13 16:37:24,572 - ingest.youtube_downloader - INFO - Downloading: 13.4% (8.8 MB/s)
2026-03-13 16:37:24,671 - ingest.youtube_downloader - INFO - Downloading: 14.1% (9.4 MB/s)
2026-03-13 16:37:24,861 - ingest.youtube_downloader - INFO - Downloading: 15.4% (9.9 MB/s)
2026-03-13 16:37:25,186 - ingest.youtube_downloader - INFO - Downloading: 18.1% (11.0 MB/s)
2026-03-13 16:37:25,314 - ingest.youtube_downloader - INFO - Downloading: 19.2% (11.3 MB/s)
2026-03-13 16:37:25,368 - ingest.youtube_downloader - INFO - Downloading: 19.2%
2026-03-13 16:37:25,369 - ingest.youtube_downloader - INFO - Downloading: 19.2% (1.7 MB/s)
2026-03-13 16:37:25,370 - ingest.youtube_downloader - INFO - Downloading: 19.2% (2.2 MB/s)
2026-03-13 16:37:25,371 - ingest.youtube_downloader - INFO - Downloading: 19.2% (3.3 MB/s)
2026-03-13 16:37:25,372 - ingest.youtube_downloader - INFO - Downloading: 19.2% (5.7 MB/s)
2026-03-13 16:37:25,401 - ingest.youtube_downloader - INFO - Downloading: 19.2% (1.9 MB/s)
2026-03-13 16:37:25,415 - ingest.youtube_downloader - INFO - Downloading: 19.2% (2.6 MB/s)
2026-03-13 16:37:25,432 - ingest.youtube_downloader - INFO - Downloading: 19.3% (3.9 MB/s)
2026-03-13 16:37:25,458 - ingest.youtube_downloader - INFO - Downloading: 19.5% (5.5 MB/s)
2026-03-13 16:37:25,508 - ingest.youtube_downloader - INFO - Downloading: 19.8% (7.1 MB/s)
2026-03-13 16:37:25,594 - ingest.youtube_downloader - INFO - Downloading: 20.5% (8.8 MB/s)
2026-03-13 16:37:25,770 - ingest.youtube_downloader - INFO - Downloading: 21.8% (9.9 MB/s)
2026-03-13 16:37:26,112 - ingest.youtube_downloader - INFO - Downloading: 24.4% (10.7 MB/s)
2026-03-13 16:37:26,258 - ingest.youtube_downloader - INFO - Downloading: 25.5% (10.8 MB/s)
2026-03-13 16:37:26,332 - ingest.youtube_downloader - INFO - Downloading: 25.5% (0.2 MB/s)
2026-03-13 16:37:26,333 - ingest.youtube_downloader - INFO - Downloading: 25.5% (0.5 MB/s)
2026-03-13 16:37:26,333 - ingest.youtube_downloader - INFO - Downloading: 25.5% (1.1 MB/s)
2026-03-13 16:37:26,334 - ingest.youtube_downloader - INFO - Downloading: 25.5% (2.1 MB/s)
2026-03-13 16:37:26,336 - ingest.youtube_downloader - INFO - Downloading: 25.5% (3.7 MB/s)
2026-03-13 16:37:26,344 - ingest.youtube_downloader - INFO - Downloading: 25.5% (3.8 MB/s)
2026-03-13 16:37:26,356 - ingest.youtube_downloader - INFO - Downloading: 25.6% (4.3 MB/s)
2026-03-13 16:37:26,370 - ingest.youtube_downloader - INFO - Downloading: 25.7% (5.8 MB/s)
2026-03-13 16:37:26,398 - ingest.youtube_downloader - INFO - Downloading: 25.8% (7.0 MB/s)
2026-03-13 16:37:26,478 - ingest.youtube_downloader - INFO - Downloading: 26.2% (6.6 MB/s)
2026-03-13 16:37:26,617 - ingest.youtube_downloader - INFO - Downloading: 26.8% (6.9 MB/s)
2026-03-13 16:37:26,833 - ingest.youtube_downloader - INFO - Downloading: 28.1% (7.9 MB/s)
2026-03-13 16:37:27,270 - ingest.youtube_downloader - INFO - Downloading: 30.8% (8.5 MB/s)
2026-03-13 16:37:27,435 - ingest.youtube_downloader - INFO - Downloading: 32.0% (8.9 MB/s)
2026-03-13 16:37:27,542 - ingest.youtube_downloader - INFO - Downloading: 32.0% (0.9 MB/s)
2026-03-13 16:37:27,543 - ingest.youtube_downloader - INFO - Downloading: 32.0% (1.3 MB/s)
2026-03-13 16:37:27,544 - ingest.youtube_downloader - INFO - Downloading: 32.0% (2.3 MB/s)
2026-03-13 16:37:27,544 - ingest.youtube_downloader - INFO - Downloading: 32.0% (4.2 MB/s)
2026-03-13 16:37:27,545 - ingest.youtube_downloader - INFO - Downloading: 32.0% (7.3 MB/s)
2026-03-13 16:37:27,556 - ingest.youtube_downloader - INFO - Downloading: 32.1% (4.1 MB/s)
2026-03-13 16:37:27,570 - ingest.youtube_downloader - INFO - Downloading: 32.1% (4.4 MB/s)
2026-03-13 16:37:27,582 - ingest.youtube_downloader - INFO - Downloading: 32.2% (6.1 MB/s)
2026-03-13 16:37:27,610 - ingest.youtube_downloader - INFO - Downloading: 32.4% (7.3 MB/s)
2026-03-13 16:37:27,666 - ingest.youtube_downloader - INFO - Downloading: 32.7% (8.0 MB/s)
2026-03-13 16:37:27,754 - ingest.youtube_downloader - INFO - Downloading: 33.3% (9.4 MB/s)
2026-03-13 16:37:27,915 - ingest.youtube_downloader - INFO - Downloading: 34.7% (10.7 MB/s)
2026-03-13 16:37:28,288 - ingest.youtube_downloader - INFO - Downloading: 37.3% (10.7 MB/s)
2026-03-13 16:37:28,508 - ingest.youtube_downloader - INFO - Downloading: 38.5% (10.1 MB/s)
2026-03-13 16:37:28,583 - ingest.youtube_downloader - INFO - Downloading: 38.5% (0.3 MB/s)
2026-03-13 16:37:28,584 - ingest.youtube_downloader - INFO - Downloading: 38.5% (0.7 MB/s)
2026-03-13 16:37:28,586 - ingest.youtube_downloader - INFO - Downloading: 38.5% (1.2 MB/s)
2026-03-13 16:37:28,588 - ingest.youtube_downloader - INFO - Downloading: 38.5% (1.9 MB/s)
2026-03-13 16:37:28,589 - ingest.youtube_downloader - INFO - Downloading: 38.5% (3.3 MB/s)
2026-03-13 16:37:28,599 - ingest.youtube_downloader - INFO - Downloading: 38.5% (3.2 MB/s)
2026-03-13 16:37:28,609 - ingest.youtube_downloader - INFO - Downloading: 38.6% (4.3 MB/s)
2026-03-13 16:37:28,638 - ingest.youtube_downloader - INFO - Downloading: 38.7% (4.3 MB/s)
2026-03-13 16:37:28,663 - ingest.youtube_downloader - INFO - Downloading: 38.8% (6.0 MB/s)
2026-03-13 16:37:28,715 - ingest.youtube_downloader - INFO - Downloading: 39.2% (7.4 MB/s)
2026-03-13 16:37:28,821 - ingest.youtube_downloader - INFO - Downloading: 39.8% (8.3 MB/s)
2026-03-13 16:37:29,030 - ingest.youtube_downloader - INFO - Downloading: 41.1% (8.9 MB/s)
2026-03-13 16:37:29,408 - ingest.youtube_downloader - INFO - Downloading: 43.8% (9.7 MB/s)
2026-03-13 16:37:29,610 - ingest.youtube_downloader - INFO - Downloading: 44.8% (9.3 MB/s)
2026-03-13 16:37:29,710 - ingest.youtube_downloader - INFO - Downloading: 44.8%
2026-03-13 16:37:29,711 - ingest.youtube_downloader - INFO - Downloading: 44.8%
2026-03-13 16:37:29,711 - ingest.youtube_downloader - INFO - Downloading: 44.8% (4.0 MB/s)
2026-03-13 16:37:29,718 - ingest.youtube_downloader - INFO - Downloading: 44.8% (6.2 MB/s)
2026-03-13 16:37:29,720 - ingest.youtube_downloader - INFO - Downloading: 44.8% (2.9 MB/s)
2026-03-13 16:37:29,723 - ingest.youtube_downloader - INFO - Downloading: 44.8% (4.6 MB/s)
2026-03-13 16:37:29,733 - ingest.youtube_downloader - INFO - Downloading: 44.9% (5.4 MB/s)
2026-03-13 16:37:29,863 - ingest.youtube_downloader - INFO - Downloading: 45.0% (1.6 MB/s)
2026-03-13 16:37:29,878 - ingest.youtube_downloader - INFO - Downloading: 45.1% (3.0 MB/s)
2026-03-13 16:37:29,929 - ingest.youtube_downloader - INFO - Downloading: 45.5% (4.6 MB/s)
2026-03-13 16:37:30,047 - ingest.youtube_downloader - INFO - Downloading: 46.1% (5.9 MB/s)
2026-03-13 16:37:30,254 - ingest.youtube_downloader - INFO - Downloading: 47.4% (7.4 MB/s)
2026-03-13 16:37:30,658 - ingest.youtube_downloader - INFO - Downloading: 50.1% (8.4 MB/s)
2026-03-13 16:37:30,820 - ingest.youtube_downloader - INFO - Downloading: 51.2% (8.7 MB/s)
2026-03-13 16:37:30,945 - ingest.youtube_downloader - INFO - Downloading: 51.2% (0.3 MB/s)
2026-03-13 16:37:30,946 - ingest.youtube_downloader - INFO - Downloading: 51.2% (0.6 MB/s)
2026-03-13 16:37:30,948 - ingest.youtube_downloader - INFO - Downloading: 51.2% (1.2 MB/s)
2026-03-13 16:37:30,949 - ingest.youtube_downloader - INFO - Downloading: 51.2% (2.1 MB/s)
2026-03-13 16:37:30,949 - ingest.youtube_downloader - INFO - Downloading: 51.2% (3.9 MB/s)
2026-03-13 16:37:30,959 - ingest.youtube_downloader - INFO - Downloading: 51.2% (3.6 MB/s)
2026-03-13 16:37:30,969 - ingest.youtube_downloader - INFO - Downloading: 51.3% (4.6 MB/s)
2026-03-13 16:37:30,991 - ingest.youtube_downloader - INFO - Downloading: 51.4% (5.0 MB/s)
2026-03-13 16:37:31,019 - ingest.youtube_downloader - INFO - Downloading: 51.5% (6.5 MB/s)
2026-03-13 16:37:31,058 - ingest.youtube_downloader - INFO - Downloading: 51.9% (8.7 MB/s)
2026-03-13 16:37:31,145 - ingest.youtube_downloader - INFO - Downloading: 52.5% (9.9 MB/s)
2026-03-13 16:37:31,321 - ingest.youtube_downloader - INFO - Downloading: 53.9% (10.6 MB/s)
2026-03-13 16:37:31,659 - ingest.youtube_downloader - INFO - Downloading: 56.5% (11.2 MB/s)
2026-03-13 16:37:31,800 - ingest.youtube_downloader - INFO - Downloading: 57.7% (11.4 MB/s)
2026-03-13 16:37:31,962 - ingest.youtube_downloader - INFO - Downloading: 57.7% (0.2 MB/s)
2026-03-13 16:37:31,963 - ingest.youtube_downloader - INFO - Downloading: 57.7% (0.4 MB/s)
2026-03-13 16:37:31,964 - ingest.youtube_downloader - INFO - Downloading: 57.7% (0.8 MB/s)
2026-03-13 16:37:31,965 - ingest.youtube_downloader - INFO - Downloading: 57.7% (1.6 MB/s)
2026-03-13 16:37:31,970 - ingest.youtube_downloader - INFO - Downloading: 57.7% (2.2 MB/s)
2026-03-13 16:37:31,971 - ingest.youtube_downloader - INFO - Downloading: 57.7% (4.0 MB/s)
2026-03-13 16:37:31,996 - ingest.youtube_downloader - INFO - Downloading: 57.8% (3.1 MB/s)
2026-03-13 16:37:32,009 - ingest.youtube_downloader - INFO - Downloading: 57.8% (4.6 MB/s)
2026-03-13 16:37:32,037 - ingest.youtube_downloader - INFO - Downloading: 58.0% (6.2 MB/s)
2026-03-13 16:37:32,077 - ingest.youtube_downloader - INFO - Downloading: 58.3% (8.3 MB/s)
2026-03-13 16:37:32,182 - ingest.youtube_downloader - INFO - Downloading: 59.0% (8.8 MB/s)
2026-03-13 16:37:32,361 - ingest.youtube_downloader - INFO - Downloading: 60.3% (9.9 MB/s)
2026-03-13 16:37:32,681 - ingest.youtube_downloader - INFO - Downloading: 63.0% (11.1 MB/s)
2026-03-13 16:37:32,844 - ingest.youtube_downloader - INFO - Downloading: 64.3% (11.2 MB/s)
2026-03-13 16:37:33,002 - ingest.youtube_downloader - INFO - Downloading: 64.3% (0.3 MB/s)
2026-03-13 16:37:33,003 - ingest.youtube_downloader - INFO - Downloading: 64.3% (0.5 MB/s)
2026-03-13 16:37:33,004 - ingest.youtube_downloader - INFO - Downloading: 64.3% (0.9 MB/s)
2026-03-13 16:37:33,005 - ingest.youtube_downloader - INFO - Downloading: 64.3% (1.7 MB/s)
2026-03-13 16:37:33,006 - ingest.youtube_downloader - INFO - Downloading: 64.3% (3.2 MB/s)
2026-03-13 16:37:33,016 - ingest.youtube_downloader - INFO - Downloading: 64.3% (3.2 MB/s)
2026-03-13 16:37:33,030 - ingest.youtube_downloader - INFO - Downloading: 64.3% (3.7 MB/s)
2026-03-13 16:37:33,052 - ingest.youtube_downloader - INFO - Downloading: 64.4% (4.6 MB/s)
2026-03-13 16:37:33,081 - ingest.youtube_downloader - INFO - Downloading: 64.6% (5.9 MB/s)
2026-03-13 16:37:33,138 - ingest.youtube_downloader - INFO - Downloading: 64.9% (7.3 MB/s)
2026-03-13 16:37:33,245 - ingest.youtube_downloader - INFO - Downloading: 65.6% (8.1 MB/s)
2026-03-13 16:37:33,439 - ingest.youtube_downloader - INFO - Downloading: 66.9% (9.0 MB/s)
2026-03-13 16:37:33,834 - ingest.youtube_downloader - INFO - Downloading: 69.5% (9.6 MB/s)
2026-03-13 16:37:34,014 - ingest.youtube_downloader - INFO - Downloading: 70.8% (9.7 MB/s)
2026-03-13 16:37:34,098 - ingest.youtube_downloader - INFO - Downloading: 70.8%
2026-03-13 16:37:34,100 - ingest.youtube_downloader - INFO - Downloading: 70.8% (1.3 MB/s)
2026-03-13 16:37:34,101 - ingest.youtube_downloader - INFO - Downloading: 70.8% (1.9 MB/s)
2026-03-13 16:37:34,103 - ingest.youtube_downloader - INFO - Downloading: 70.8% (2.6 MB/s)
2026-03-13 16:37:34,105 - ingest.youtube_downloader - INFO - Downloading: 70.8% (4.0 MB/s)
2026-03-13 16:37:34,114 - ingest.youtube_downloader - INFO - Downloading: 70.8% (3.8 MB/s)
2026-03-13 16:37:34,132 - ingest.youtube_downloader - INFO - Downloading: 70.9% (3.6 MB/s)
2026-03-13 16:37:34,146 - ingest.youtube_downloader - INFO - Downloading: 71.0% (5.2 MB/s)
2026-03-13 16:37:34,180 - ingest.youtube_downloader - INFO - Downloading: 71.1% (6.1 MB/s)
2026-03-13 16:37:34,250 - ingest.youtube_downloader - INFO - Downloading: 71.5% (6.6 MB/s)
2026-03-13 16:37:34,343 - ingest.youtube_downloader - INFO - Downloading: 72.1% (8.1 MB/s)
2026-03-13 16:37:34,550 - ingest.youtube_downloader - INFO - Downloading: 73.4% (8.8 MB/s)
2026-03-13 16:37:34,914 - ingest.youtube_downloader - INFO - Downloading: 76.1% (9.8 MB/s)
2026-03-13 16:37:35,067 - ingest.youtube_downloader - INFO - Downloading: 77.2% (10.0 MB/s)
2026-03-13 16:37:35,212 - ingest.youtube_downloader - INFO - Downloading: 77.2% (0.8 MB/s)
2026-03-13 16:37:35,214 - ingest.youtube_downloader - INFO - Downloading: 77.2% (0.9 MB/s)
2026-03-13 16:37:35,215 - ingest.youtube_downloader - INFO - Downloading: 77.2% (1.5 MB/s)
2026-03-13 16:37:35,216 - ingest.youtube_downloader - INFO - Downloading: 77.2% (2.5 MB/s)
2026-03-13 16:37:35,219 - ingest.youtube_downloader - INFO - Downloading: 77.2% (3.9 MB/s)
2026-03-13 16:37:35,221 - ingest.youtube_downloader - INFO - Downloading: 77.2% (5.6 MB/s)
2026-03-13 16:37:35,230 - ingest.youtube_downloader - INFO - Downloading: 77.2% (6.2 MB/s)
2026-03-13 16:37:35,247 - ingest.youtube_downloader - INFO - Downloading: 77.3% (6.8 MB/s)
2026-03-13 16:37:35,267 - ingest.youtube_downloader - INFO - Downloading: 77.5% (8.8 MB/s)
2026-03-13 16:37:35,317 - ingest.youtube_downloader - INFO - Downloading: 77.8% (9.3 MB/s)
2026-03-13 16:37:35,416 - ingest.youtube_downloader - INFO - Downloading: 78.5% (9.8 MB/s)
2026-03-13 16:37:35,593 - ingest.youtube_downloader - INFO - Downloading: 79.8% (10.5 MB/s)
2026-03-13 16:37:36,090 - ingest.youtube_downloader - INFO - Downloading: 82.5% (9.1 MB/s)
2026-03-13 16:37:36,241 - ingest.youtube_downloader - INFO - Downloading: 83.7% (9.6 MB/s)
2026-03-13 16:37:36,351 - ingest.youtube_downloader - INFO - Downloading: 83.7% (0.5 MB/s)
2026-03-13 16:37:36,353 - ingest.youtube_downloader - INFO - Downloading: 83.7% (0.5 MB/s)
2026-03-13 16:37:36,353 - ingest.youtube_downloader - INFO - Downloading: 83.7% (1.0 MB/s)
2026-03-13 16:37:36,354 - ingest.youtube_downloader - INFO - Downloading: 83.7% (2.0 MB/s)
2026-03-13 16:37:36,355 - ingest.youtube_downloader - INFO - Downloading: 83.7% (3.6 MB/s)
2026-03-13 16:37:36,360 - ingest.youtube_downloader - INFO - Downloading: 83.7% (4.7 MB/s)
2026-03-13 16:37:36,373 - ingest.youtube_downloader - INFO - Downloading: 83.8% (4.7 MB/s)
2026-03-13 16:37:36,388 - ingest.youtube_downloader - INFO - Downloading: 83.8% (6.1 MB/s)
2026-03-13 16:37:36,419 - ingest.youtube_downloader - INFO - Downloading: 84.0% (7.2 MB/s)
2026-03-13 16:37:36,479 - ingest.youtube_downloader - INFO - Downloading: 84.3% (7.6 MB/s)
2026-03-13 16:37:36,599 - ingest.youtube_downloader - INFO - Downloading: 85.0% (7.9 MB/s)
2026-03-13 16:37:36,819 - ingest.youtube_downloader - INFO - Downloading: 86.3% (8.5 MB/s)
2026-03-13 16:37:37,267 - ingest.youtube_downloader - INFO - Downloading: 89.0% (8.7 MB/s)
2026-03-13 16:37:37,442 - ingest.youtube_downloader - INFO - Downloading: 90.0% (8.7 MB/s)
2026-03-13 16:37:37,578 - ingest.youtube_downloader - INFO - Downloading: 90.0% (0.4 MB/s)
2026-03-13 16:37:37,579 - ingest.youtube_downloader - INFO - Downloading: 90.0% (0.8 MB/s)
2026-03-13 16:37:37,580 - ingest.youtube_downloader - INFO - Downloading: 90.0% (1.5 MB/s)
2026-03-13 16:37:37,581 - ingest.youtube_downloader - INFO - Downloading: 90.0% (2.7 MB/s)
2026-03-13 16:37:37,582 - ingest.youtube_downloader - INFO - Downloading: 90.0% (4.7 MB/s)
2026-03-13 16:37:37,591 - ingest.youtube_downloader - INFO - Downloading: 90.0% (4.0 MB/s)
2026-03-13 16:37:37,605 - ingest.youtube_downloader - INFO - Downloading: 90.1% (4.3 MB/s)
2026-03-13 16:37:37,625 - ingest.youtube_downloader - INFO - Downloading: 90.2% (5.1 MB/s)
2026-03-13 16:37:37,655 - ingest.youtube_downloader - INFO - Downloading: 90.3% (6.3 MB/s)
2026-03-13 16:37:37,737 - ingest.youtube_downloader - INFO - Downloading: 90.7% (6.2 MB/s)
2026-03-13 16:37:37,875 - ingest.youtube_downloader - INFO - Downloading: 91.3% (6.7 MB/s)
2026-03-13 16:37:38,133 - ingest.youtube_downloader - INFO - Downloading: 92.6% (7.2 MB/s)
2026-03-13 16:37:38,572 - ingest.youtube_downloader - INFO - Downloading: 95.3% (8.0 MB/s)
2026-03-13 16:37:38,772 - ingest.youtube_downloader - INFO - Downloading: 96.6% (8.3 MB/s)
2026-03-13 16:37:38,825 - ingest.youtube_downloader - INFO - Downloading: 96.6%
2026-03-13 16:37:38,827 - ingest.youtube_downloader - INFO - Downloading: 96.6% (1.9 MB/s)
2026-03-13 16:37:38,828 - ingest.youtube_downloader - INFO - Downloading: 96.6% (2.0 MB/s)
2026-03-13 16:37:38,829 - ingest.youtube_downloader - INFO - Downloading: 96.6% (3.4 MB/s)
2026-03-13 16:37:38,830 - ingest.youtube_downloader - INFO - Downloading: 96.6% (6.1 MB/s)
2026-03-13 16:37:38,843 - ingest.youtube_downloader - INFO - Downloading: 96.6% (3.6 MB/s)
2026-03-13 16:37:38,852 - ingest.youtube_downloader - INFO - Downloading: 96.6% (4.5 MB/s)
2026-03-13 16:37:38,863 - ingest.youtube_downloader - INFO - Downloading: 96.7% (6.5 MB/s)
2026-03-13 16:37:38,902 - ingest.youtube_downloader - INFO - Downloading: 96.9% (6.6 MB/s)
2026-03-13 16:37:38,953 - ingest.youtube_downloader - INFO - Downloading: 97.2% (7.8 MB/s)
2026-03-13 16:37:39,064 - ingest.youtube_downloader - INFO - Downloading: 97.9% (8.4 MB/s)
2026-03-13 16:37:39,281 - ingest.youtube_downloader - INFO - Downloading: 99.2% (8.8 MB/s)
2026-03-13 16:37:39,417 - ingest.youtube_downloader - INFO - Downloading: 100.0% (8.8 MB/s)
2026-03-13 16:37:39,422 - ingest.youtube_downloader - INFO - Download finished, converting to MP4...
2026-03-13 16:37:39,455 - ingest.ingest_worker - INFO - Step 5/5: Saving to Firestore and queueing...
2026-03-13 16:37:39,455 - ingest.firestore_client - INFO - Saving metadata for video: 4KDE7NMshvI
2026-03-13 16:37:39,706 - ingest.queue_manager - INFO - Enqueueing video: 4KDE7NMshvI (priority: 5)
2026-03-13 16:37:39,706 - ingest.firestore_client - ERROR - Failed to add 4KDE7NMshvI to queue: 'str' object has no attribute 'value'
2026-03-13 16:37:39,728 - __main__ - INFO - GET /status/4KDE7NMshvI
2026-03-13 16:37:39,850 - __main__ - INFO - Video 4KDE7NMshvI status: pending, stage: metadata
2026-03-13 16:37:39,857 - __main__ - INFO - GET /status/4KDE7NMshvI
2026-03-13 16:37:39,973 - __main__ - INFO - Video 4KDE7NMshvI status: pending, stage: metadata
2026-03-13 16:37:39,974 - __main__ - INFO - GET /status/4KDE7NMshvI
2026-03-13 16:37:40,083 - __main__ - INFO - Video 4KDE7NMshvI status: pending, stage: metadata
2026-03-13 16:37:40,087 - __main__ - INFO - POST /ingest - URL: https://www.youtube.com/watch?v=4KDE7NMshvI
2026-03-13 16:37:40,087 - __main__ - INFO - Extracted video_id: 4KDE7NMshvI
2026-03-13 16:37:40,344 - __main__ - INFO - Queue integrity check - video_exists: True, queue_exists: False, status: pending
2026-03-13 16:37:40,361 - ingest.ingest_worker - INFO - 
============================================================
2026-03-13 16:37:40,361 - ingest.ingest_worker - INFO - Starting ingestion for: https://www.youtube.com/watch?v=4KDE7NMshvI
2026-03-13 16:37:40,362 - ingest.ingest_worker - INFO - ============================================================
2026-03-13 16:37:40,362 - ingest.ingest_worker - INFO - Step 1/5: Extracting video ID...
2026-03-13 16:37:40,486 - ingest.ingest_worker - WARNING - Video already ingested: 4KDE7NMshvI
2026-03-13 16:37:40,501 - __main__ - INFO - GET /status/4KDE7NMshvI
2026-03-13 16:37:40,677 - __main__ - INFO - Video 4KDE7NMshvI status: pending, stage: metadata
2026-03-13 16:37:42,505 - __main__ - INFO - GET /status/4KDE7NMshvI
2026-03-13 16:37:42,648 - __main__ - INFO - Video 4KDE7NMshvI status: pending, stage: metadata
2026-03-13 16:37:44,506 - __main__ - INFO - GET /status/4KDE7NMshvI
2026-03-13 16:37:44,604 - __main__ - INFO - Video 4KDE7NMshvI status: pending, stage: metadata
2026-03-13 16:37:46,505 - __main__ - INFO - GET /status/4KDE7NMshvI
2026-03-13 16:37:46,597 - __main__ - INFO - Video 4KDE7NMshvI status: pending, stage: metadata
2026-03-13 16:37:48,504 - __main__ - INFO - GET /status/4KDE7NMshvI
2026-03-13 16:37:48,597 - __main__ - INFO - Video 4KDE7NMshvI status: pending, stage: metadata
2026-03-13 16:37:50,509 - __main__ - INFO - GET /status/4KDE7NMshvI
2026-03-13 16:37:50,612 - __main__ - INFO - Video 4KDE7NMshvI status: pending, stage: metadata
2026-03-13 16:37:52,506 - __main__ - INFO - GET /status/4KDE7NMshvI
2026-03-13 16:37:52,606 - __main__ - INFO - Video 4KDE7NMshvI status: pending, stage: metadata
2026-03-13 16:37:54,505 - __main__ - INFO - GET /status/4KDE7NMshvI
2026-03-13 16:37:54,604 - __main__ - INFO - Video 4KDE7NMshvI status: pending, stage: metadata
2026-03-13 16:37:56,960 - __main__ - INFO - GET /status/4KDE7NMshvI
2026-03-13 16:37:57,058 - __main__ - INFO - Video 4KDE7NMshvI status: pending, stage: metadata
2026-03-13 16:37:58,955 - __main__ - INFO - GET /status/4KDE7NMshvI
2026-03-13 16:37:59,070 - __main__ - INFO - Video 4KDE7NMshvI status: pending, stage: metadata
2026-03-13 16:38:00,954 - __main__ - INFO - GET /status/4KDE7NMshvI
2026-03-13 16:38:01,040 - __main__ - INFO - Video 4KDE7NMshvI status: pending, stage: metadata
2026-03-13 16:38:02,956 - __main__ - INFO - GET /status/4KDE7NMshvI
2026-03-13 16:38:03,076 - __main__ - INFO - Video 4KDE7NMshvI status: pending, stage: metadata
2026-03-13 16:38:04,954 - __main__ - INFO - GET /status/4KDE7NMshvI
2026-03-13 16:38:05,064 - __main__ - INFO - Video 4KDE7NMshvI status: pending, stage: metadata
2026-03-13 16:38:06,954 - __main__ - INFO - GET /status/4KDE7NMshvI
2026-03-13 16:38:07,061 - __main__ - INFO - Video 4KDE7NMshvI status: pending, stage: metadata
2026-03-13 16:38:08,956 - __main__ - INFO - GET /status/4KDE7NMshvI
2026-03-13 16:38:09,053 - __main__ - INFO - Video 4KDE7NMshvI status: pending, stage: metadata
2026-03-13 16:38:10,953 - __main__ - INFO - GET /status/4KDE7NMshvI
2026-03-13 16:38:11,057 - __main__ - INFO - Video 4KDE7NMshvI status: pending, stage: metadata
2026-03-13 16:38:12,955 - __main__ - INFO - GET /status/4KDE7NMshvI
2026-03-13 16:38:13,084 - __main__ - INFO - Video 4KDE7NMshvI status: pending, stage: metadata
2026-03-13 16:38:14,955 - __main__ - INFO - GET /status/4KDE7NMshvI
2026-03-13 16:38:15,060 - __main__ - INFO - Video 4KDE7NMshvI status: pending, stage: metadata
2026-03-13 16:38:16,955 - __main__ - INFO - GET /status/4KDE7NMshvI
2026-03-13 16:38:17,060 - __main__ - INFO - Video 4KDE7NMshvI status: pending, stage: metadata
2026-03-13 16:38:18,948 - __main__ - INFO - GET /status/4KDE7NMshvI
2026-03-13 16:38:19,056 - __main__ - INFO - Video 4KDE7NMshvI status: pending, stage: metadata
2026-03-13 16:38:20,501 - __main__ - INFO - GET /status/4KDE7NMshvI
2026-03-13 16:38:20,614 - __main__ - INFO - Video 4KDE7NMshvI status: pending, stage: metadata
2026-03-13 16:38:22,503 - __main__ - INFO - GET /status/4KDE7NMshvI
2026-03-13 16:38:22,608 - __main__ - INFO - Video 4KDE7NMshvI status: pending, stage: metadata
2026-03-13 16:38:24,503 - __main__ - INFO - GET /status/4KDE7NMshvI
2026-03-13 16:38:24,601 - __main__ - INFO - Video 4KDE7NMshvI status: pending, stage: metadata
2026-03-13 16:38:26,503 - __main__ - INFO - GET /status/4KDE7NMshvI
2026-03-13 16:38:26,620 - __main__ - INFO - Video 4KDE7NMshvI status: pending, stage: metadata
2026-03-13 16:38:28,503 - __main__ - INFO - GET /status/4KDE7NMshvI
2026-03-13 16:38:28,604 - __main__ - INFO - Video 4KDE7NMshvI status: pending, stage: metadata
2026-03-13 16:38:30,503 - __main__ - INFO - GET /status/4KDE7NMshvI
2026-03-13 16:38:30,602 - __main__ - INFO - Video 4KDE7NMshvI status: pending, stage: metadata
2026-03-13 16:38:32,505 - __main__ - INFO - GET /status/4KDE7NMshvI
2026-03-13 16:38:32,622 - __main__ - INFO - Video 4KDE7NMshvI status: pending, stage: metadata
2026-03-13 16:38:34,501 - __main__ - INFO - GET /status/4KDE7NMshvI
2026-03-13 16:38:34,606 - __main__ - INFO - Video 4KDE7NMshvI status: pending, stage: metadata
2026-03-13 16:38:36,504 - __main__ - INFO - GET /status/4KDE7NMshvI
2026-03-13 16:38:36,643 - __main__ - INFO - Video 4KDE7NMshvI status: pending, stage: metadata
2026-03-13 16:38:38,506 - __main__ - INFO - GET /status/4KDE7NMshvI
2026-03-13 16:38:38,608 - __main__ - INFO - Video 4KDE7NMshvI status: pending, stage: metadata
2026-03-13 16:38:40,505 - __main__ - INFO - GET /status/4KDE7NMshvI
2026-03-13 16:38:40,607 - __main__ - INFO - Video 4KDE7NMshvI status: pending, stage: metadata
2026-03-13 16:38:42,503 - __main__ - INFO - GET /status/4KDE7NMshvI
2026-03-13 16:38:42,637 - __main__ - INFO - Video 4KDE7NMshvI status: pending, stage: metadata
2026-03-13 16:38:44,504 - __main__ - INFO - GET /status/4KDE7NMshvI
2026-03-13 16:38:44,611 - __main__ - INFO - Video 4KDE7NMshvI status: pending, stage: metadata
2026-03-13 16:38:46,504 - __main__ - INFO - GET /status/4KDE7NMshvI
2026-03-13 16:38:46,610 - __main__ - INFO - Video 4KDE7NMshvI status: pending, stage: metadata
2026-03-13 16:38:48,503 - __main__ - INFO - GET /status/4KDE7NMshvI
2026-03-13 16:38:48,605 - __main__ - INFO - Video 4KDE7NMshvI status: pending, stage: metadata
2026-03-13 16:38:50,504 - __main__ - INFO - GET /status/4KDE7NMshvI
2026-03-13 16:38:50,613 - __main__ - INFO - Video 4KDE7NMshvI status: pending, stage: metadata
2026-03-13 16:38:52,503 - __main__ - INFO - GET /status/4KDE7NMshvI
2026-03-13 16:38:52,606 - __main__ - INFO - Video 4KDE7NMshvI status: pending, stage: metadata
2026-03-13 16:38:54,504 - __main__ - INFO - GET /status/4KDE7NMshvI
2026-03-13 16:38:54,603 - __main__ - INFO - Video 4KDE7NMshvI status: pending, stage: metadata
2026-03-13 16:38:56,504 - __main__ - INFO - GET /status/4KDE7NMshvI
2026-03-13 16:38:56,639 - __main__ - INFO - Video 4KDE7NMshvI status: pending, stage: metadata
2026-03-13 16:38:58,505 - __main__ - INFO - GET /status/4KDE7NMshvI
2026-03-13 16:38:58,656 - __main__ - INFO - Video 4KDE7NMshvI status: pending, stage: metadata
2026-03-13 16:39:00,502 - __main__ - INFO - GET /status/4KDE7NMshvI
2026-03-13 16:39:00,600 - __main__ - INFO - Video 4KDE7NMshvI status: pending, stage: metadata
2026-03-13 16:39:02,502 - __main__ - INFO - GET /status/4KDE7NMshvI
2026-03-13 16:39:02,609 - __main__ - INFO - Video 4KDE7NMshvI status: pending, stage: metadata
2026-03-13 16:39:04,502 - __main__ - INFO - GET /status/4KDE7NMshvI
2026-03-13 16:39:04,600 - __main__ - INFO - Video 4KDE7NMshvI status: pending, stage: metadata
2026-03-13 16:39:06,501 - __main__ - INFO - GET /status/4KDE7NMshvI
2026-03-13 16:39:06,703 - __main__ - INFO - Video 4KDE7NMshvI status: pending, stage: metadata
2026-03-13 16:39:08,501 - __main__ - INFO - GET /status/4KDE7NMshvI
2026-03-13 16:39:08,594 - __main__ - INFO - Video 4KDE7NMshvI status: pending, stage: metadata
2026-03-13 16:39:10,505 - __main__ - INFO - GET /status/4KDE7NMshvI
2026-03-13 16:39:10,616 - __main__ - INFO - Video 4KDE7NMshvI status: pending, stage: metadata
2026-03-13 16:39:12,503 - __main__ - INFO - GET /status/4KDE7NMshvI
2026-03-13 16:39:12,618 - __main__ - INFO - Video 4KDE7NMshvI status: pending, stage: metadata
2026-03-13 16:39:14,506 - __main__ - INFO - GET /status/4KDE7NMshvI
2026-03-13 16:39:14,726 - __main__ - INFO - Video 4KDE7NMshvI status: pending, stage: metadata
2026-03-13 16:39:16,506 - __main__ - INFO - GET /status/4KDE7NMshvI
2026-03-13 16:39:16,610 - __main__ - INFO - Video 4KDE7NMshvI status: pending, stage: metadata
2026-03-13 16:39:18,507 - __main__ - INFO - GET /status/4KDE7NMshvI
2026-03-13 16:39:18,608 - __main__ - INFO - Video 4KDE7NMshvI status: pending, stage: metadata
2026-03-13 16:39:20,502 - __main__ - INFO - GET /status/4KDE7NMshvI
2026-03-13 16:39:20,590 - __main__ - INFO - Video 4KDE7NMshvI status: pending, stage: metadata
2026-03-13 16:39:22,504 - __main__ - INFO - GET /status/4KDE7NMshvI
2026-03-13 16:39:22,590 - __main__ - INFO - Video 4KDE7NMshvI status: pending, stage: metadata
2026-03-13 16:39:24,503 - __main__ - INFO - GET /status/4KDE7NMshvI
2026-03-13 16:39:24,598 - __main__ - INFO - Video 4KDE7NMshvI status: pending, stage: metadata
2026-03-13 16:39:26,502 - __main__ - INFO - GET /status/4KDE7NMshvI
2026-03-13 16:39:26,609 - __main__ - INFO - Video 4KDE7NMshvI status: pending, stage: metadata
2026-03-13 16:39:28,515 - __main__ - INFO - GET /status/4KDE7NMshvI
2026-03-13 16:39:28,598 - __main__ - INFO - Video 4KDE7NMshvI status: pending, stage: metadata
2026-03-13 16:39:30,949 - __main__ - INFO - GET /status/4KDE7NMshvI
2026-03-13 16:39:31,051 - __main__ - INFO - Video 4KDE7NMshvI status: pending, stage: metadata
2026-03-13 16:39:32,942 - __main__ - INFO - GET /status/4KDE7NMshvI
2026-03-13 16:39:33,024 - __main__ - INFO - Video 4KDE7NMshvI status: pending, stage: metadata
2026-03-13 16:39:34,955 - __main__ - INFO - GET /status/4KDE7NMshvI
2026-03-13 16:39:35,042 - __main__ - INFO - Video 4KDE7NMshvI status: pending, stage: metadata
2026-03-13 16:39:36,953 - __main__ - INFO - GET /status/4KDE7NMshvI
2026-03-13 16:39:37,050 - __main__ - INFO - Video 4KDE7NMshvI status: pending, stage: metadata
2026-03-13 16:39:38,956 - __main__ - INFO - GET /status/4KDE7NMshvI
2026-03-13 16:39:39,033 - __main__ - INFO - Video 4KDE7NMshvI status: pending, stage: metadata
2026-03-13 16:39:40,962 - __main__ - INFO - GET /status/4KDE7NMshvI
2026-03-13 16:39:41,039 - __main__ - INFO - Video 4KDE7NMshvI status: pending, stage: metadata
2026-03-13 16:39:42,952 - __main__ - INFO - GET /status/4KDE7NMshvI
2026-03-13 16:39:43,047 - __main__ - INFO - Video 4KDE7NMshvI status: pending, stage: metadata
2026-03-13 16:39:44,958 - __main__ - INFO - GET /status/4KDE7NMshvI
2026-03-13 16:39:45,035 - __main__ - INFO - Video 4KDE7NMshvI status: pending, stage: metadata
2026-03-13 16:39:46,953 - __main__ - INFO - GET /status/4KDE7NMshvI
2026-03-13 16:39:47,034 - __main__ - INFO - Video 4KDE7NMshvI status: pending, stage: metadata
2026-03-13 16:39:48,949 - __main__ - INFO - GET /status/4KDE7NMshvI
2026-03-13 16:39:49,043 - __main__ - INFO - Video 4KDE7NMshvI status: pending, stage: metadata
2026-03-13 16:39:50,957 - __main__ - INFO - GET /status/4KDE7NMshvI
2026-03-13 16:39:51,087 - __main__ - INFO - Video 4KDE7NMshvI status: pending, stage: metadata
2026-03-13 16:39:52,957 - __main__ - INFO - GET /status/4KDE7NMshvI
2026-03-13 16:39:53,042 - __main__ - INFO - Video 4KDE7NMshvI status: pending, stage: metadata
2026-03-13 16:39:54,955 - __main__ - INFO - GET /status/4KDE7NMshvI
2026-03-13 16:39:55,058 - __main__ - INFO - Video 4KDE7NMshvI status: pending, stage: metadata
2026-03-13 16:39:56,949 - __main__ - INFO - GET /status/4KDE7NMshvI
2026-03-13 16:39:57,054 - __main__ - INFO - Video 4KDE7NMshvI status: pending, stage: metadata
2026-03-13 16:39:58,942 - __main__ - INFO - GET /status/4KDE7NMshvI
2026-03-13 16:39:59,022 - __main__ - INFO - Video 4KDE7NMshvI status: pending, stage: metadata
2026-03-13 16:40:00,957 - __main__ - INFO - GET /status/4KDE7NMshvI
2026-03-13 16:40:01,069 - __main__ - INFO - Video 4KDE7NMshvI status: pending, stage: metadata
2026-03-13 16:40:02,951 - __main__ - INFO - GET /status/4KDE7NMshvI
2026-03-13 16:40:03,055 - __main__ - INFO - Video 4KDE7NMshvI status: pending, stage: metadata
2026-03-13 16:40:04,947 - __main__ - INFO - GET /status/4KDE7NMshvI
2026-03-13 16:40:05,042 - __main__ - INFO - Video 4KDE7NMshvI status: pending, stage: metadata
2026-03-13 16:40:06,954 - __main__ - INFO - GET /status/4KDE7NMshvI
2026-03-13 16:40:07,063 - __main__ - INFO - Video 4KDE7NMshvI status: pending, stage: metadata
2026-03-13 16:40:08,956 - __main__ - INFO - GET /status/4KDE7NMshvI
2026-03-13 16:40:09,071 - __main__ - INFO - Video 4KDE7NMshvI status: pending, stage: metadata
2026-03-13 16:40:10,952 - __main__ - INFO - GET /status/4KDE7NMshvI
2026-03-13 16:40:11,091 - __main__ - INFO - Video 4KDE7NMshvI status: pending, stage: metadata
2026-03-13 16:40:12,957 - __main__ - INFO - GET /status/4KDE7NMshvI
2026-03-13 16:40:13,055 - __main__ - INFO - Video 4KDE7NMshvI status: pending, stage: metadata
2026-03-13 16:40:14,957 - __main__ - INFO - GET /status/4KDE7NMshvI
2026-03-13 16:40:15,056 - __main__ - INFO - Video 4KDE7NMshvI status: pending, stage: metadata
2026-03-13 16:40:16,950 - __main__ - INFO - GET /status/4KDE7NMshvI
2026-03-13 16:40:17,052 - __main__ - INFO - Video 4KDE7NMshvI status: pending, stage: metadata
2026-03-13 16:40:18,951 - __main__ - INFO - GET /status/4KDE7NMshvI
2026-03-13 16:40:19,055 - __main__ - INFO - Video 4KDE7NMshvI status: pending, stage: metadata
2026-03-13 16:40:20,954 - __main__ - INFO - GET /status/4KDE7NMshvI
2026-03-13 16:40:21,067 - __main__ - INFO - Video 4KDE7NMshvI status: pending, stage: metadata
2026-03-13 16:40:22,952 - __main__ - INFO - GET /status/4KDE7NMshvI
2026-03-13 16:40:23,048 - __main__ - INFO - Video 4KDE7NMshvI status: pending, stage: metadata
2026-03-13 16:40:24,953 - __main__ - INFO - GET /status/4KDE7NMshvI
2026-03-13 16:40:25,061 - __main__ - INFO - Video 4KDE7NMshvI status: pending, stage: metadata
2026-03-13 16:40:26,949 - __main__ - INFO - GET /status/4KDE7NMshvI
2026-03-13 16:40:27,048 - __main__ - INFO - Video 4KDE7NMshvI status: pending, stage: metadata
2026-03-13 16:40:28,951 - __main__ - INFO - GET /status/4KDE7NMshvI
2026-03-13 16:40:29,044 - __main__ - INFO - Video 4KDE7NMshvI status: pending, stage: metadata
2026-03-13 16:40:41,302 - __main__ - INFO - GET /status/4KDE7NMshvI
2026-03-13 16:40:41,414 - __main__ - INFO - Video 4KDE7NMshvI status: pending, stage: metadata
2026-03-13 16:41:40,967 - __main__ - INFO - GET /status/4KDE7NMshvI
2026-03-13 16:41:41,082 - __main__ - INFO - Video 4KDE7NMshvI status: pending, stage: metadata
2026-03-13 16:50:18,082 - __main__ - INFO - ======================================================================
2026-03-13 16:50:18,086 - __main__ - INFO - TEAM-GRADE INGESTION API - SHUTTING DOWN
2026-03-13 16:50:18,087 - __main__ - INFO - ======================================================================
2026-03-13 16:54:54,667 - ingest.ingest_worker - INFO - ============================================================
2026-03-13 16:54:54,668 - ingest.ingest_worker - INFO - TEAM-GRADE Ingestion Worker Started
2026-03-13 16:54:54,668 - ingest.ingest_worker - INFO - Log file: logs\ingest.log
2026-03-13 16:54:54,669 - ingest.ingest_worker - INFO - ============================================================
2026-03-13 16:54:54,669 - ingest.youtube_downloader - INFO - Initialized downloader with output dir: raw_videos
2026-03-13 16:54:54,670 - ingest.ingest_worker - INFO - Using credentials file: C:\Users\ricky\OneDrive\Desktop\Team-Grade\TEAM-GRADE\credentials\service-account.json
2026-03-13 16:55:11,774 - ingest.ingest_worker - INFO - ============================================================
2026-03-13 16:55:11,774 - ingest.ingest_worker - INFO - TEAM-GRADE Ingestion Worker Started
2026-03-13 16:55:11,775 - ingest.ingest_worker - INFO - Log file: logs\ingest.log
2026-03-13 16:55:11,775 - ingest.ingest_worker - INFO - ============================================================
2026-03-13 16:55:11,776 - ingest.youtube_downloader - INFO - Initialized downloader with output dir: raw_videos
2026-03-13 16:55:11,776 - ingest.ingest_worker - INFO - Using credentials file: C:\Users\ricky\OneDrive\Desktop\Team-Grade\TEAM-GRADE\credentials\service-account.json
2026-03-13 16:55:13,796 - ingest.firestore_client - INFO - Initializing Firestore client for project: the-bridge-athletics1
2026-03-13 16:55:13,797 - ingest.firestore_client - INFO - Credentials path: C:\Users\ricky\OneDrive\Desktop\Team-Grade\TEAM-GRADE\credentials\service-account.json
2026-03-13 16:55:13,797 - ingest.firestore_client - INFO - [OK] Found credentials file: C:\Users\ricky\OneDrive\Desktop\Team-Grade\TEAM-GRADE\credentials\service-account.json
2026-03-13 16:55:13,801 - ingest.firestore_client - INFO - [OK] Loaded service account from JSON
2026-03-13 16:55:14,114 - ingest.firestore_client - INFO - [OK] Created service account credentials
2026-03-13 16:55:14,116 - ingest.firestore_client - INFO - [OK] Firestore client initialized for project: the-bridge-athletics1
2026-03-13 16:55:22,087 - ingest.firestore_client - INFO - [OK] Firestore client initialized successfully
2026-03-13 16:55:22,087 - ingest.queue_manager - INFO - Queue manager initialized
2026-03-13 16:55:22,087 - ingest.ingest_worker - INFO - [OK] Firestore initialized
2026-03-13 16:55:22,087 - ingest.ingest_worker - INFO - [OK] Ingestion worker initialized
2026-03-13 16:55:22,087 - ingest.firestore_client - INFO - Initializing Firestore client for project: the-bridge-athletics1
2026-03-13 16:55:22,087 - ingest.firestore_client - INFO - Credentials path: C:\Users\ricky\OneDrive\Desktop\Team-Grade\TEAM-GRADE\credentials\service-account.json
2026-03-13 16:55:22,087 - ingest.firestore_client - INFO - [OK] Found credentials file: C:\Users\ricky\OneDrive\Desktop\Team-Grade\TEAM-GRADE\credentials\service-account.json
2026-03-13 16:55:22,087 - ingest.firestore_client - INFO - [OK] Loaded service account from JSON
2026-03-13 16:55:22,260 - ingest.firestore_client - INFO - [OK] Created service account credentials
2026-03-13 16:55:22,260 - ingest.firestore_client - INFO - [OK] Firestore client initialized for project: the-bridge-athletics1
2026-03-13 16:55:22,572 - ingest.firestore_client - INFO - [OK] Firestore client initialized successfully
2026-03-13 16:55:22,749 - __main__ - INFO - Starting FastAPI server on http://0.0.0.0:8000
2026-03-13 16:55:22,749 - __main__ - INFO - API documentation available at http://0.0.0.0:8000/docs
2026-03-13 16:55:22,749 - __main__ - INFO - UI available at http://0.0.0.0:8000/ui/
2026-03-13 16:55:22,865 - __main__ - INFO - ======================================================================
2026-03-13 16:55:22,866 - __main__ - INFO - TEAM-GRADE INGESTION API - STARTING
2026-03-13 16:55:22,866 - __main__ - INFO - ======================================================================
2026-03-13 16:56:13,306 - ingest.ingest_worker - INFO - ============================================================
2026-03-13 16:56:13,307 - ingest.ingest_worker - INFO - TEAM-GRADE Ingestion Worker Started
2026-03-13 16:56:13,307 - ingest.ingest_worker - INFO - Log file: logs\ingest.log
2026-03-13 16:56:13,307 - ingest.ingest_worker - INFO - ============================================================
2026-03-13 16:56:13,308 - ingest.youtube_downloader - INFO - Initialized downloader with output dir: raw_videos
2026-03-13 16:56:13,309 - ingest.ingest_worker - INFO - Using credentials file: C:\Users\ricky\OneDrive\Desktop\Team-Grade\TEAM-GRADE\credentials\service-account.json
2026-03-13 16:56:14,299 - ingest.firestore_client - INFO - Initializing Firestore client for project: the-bridge-athletics1
2026-03-13 16:56:14,299 - ingest.firestore_client - INFO - Credentials path: C:\Users\ricky\OneDrive\Desktop\Team-Grade\TEAM-GRADE\credentials\service-account.json
2026-03-13 16:56:14,299 - ingest.firestore_client - INFO - [OK] Found credentials file: C:\Users\ricky\OneDrive\Desktop\Team-Grade\TEAM-GRADE\credentials\service-account.json
2026-03-13 16:56:14,300 - ingest.firestore_client - INFO - [OK] Loaded service account from JSON
2026-03-13 16:56:14,348 - ingest.firestore_client - INFO - [OK] Created service account credentials
2026-03-13 16:56:14,348 - ingest.firestore_client - INFO - [OK] Firestore client initialized for project: the-bridge-athletics1
2026-03-13 16:56:14,807 - ingest.firestore_client - INFO - [OK] Firestore client initialized successfully
2026-03-13 16:56:14,807 - ingest.queue_manager - INFO - Queue manager initialized
2026-03-13 16:56:14,807 - ingest.ingest_worker - INFO - [OK] Firestore initialized
2026-03-13 16:56:14,807 - ingest.ingest_worker - INFO - [OK] Ingestion worker initialized
2026-03-13 16:56:14,807 - ingest.firestore_client - INFO - Initializing Firestore client for project: the-bridge-athletics1
2026-03-13 16:56:14,807 - ingest.firestore_client - INFO - Credentials path: C:\Users\ricky\OneDrive\Desktop\Team-Grade\TEAM-GRADE\credentials\service-account.json
2026-03-13 16:56:14,807 - ingest.firestore_client - INFO - [OK] Found credentials file: C:\Users\ricky\OneDrive\Desktop\Team-Grade\TEAM-GRADE\credentials\service-account.json
2026-03-13 16:56:14,807 - ingest.firestore_client - INFO - [OK] Loaded service account from JSON
2026-03-13 16:56:14,836 - ingest.firestore_client - INFO - [OK] Created service account credentials
2026-03-13 16:56:14,836 - ingest.firestore_client - INFO - [OK] Firestore client initialized for project: the-bridge-athletics1
2026-03-13 16:56:15,209 - ingest.firestore_client - INFO - [OK] Firestore client initialized successfully
2026-03-13 16:56:15,210 - __main__ - INFO - [OK] Ingestion components initialized successfully
2026-03-13 16:56:15,361 - __main__ - INFO - Starting FastAPI server on http://0.0.0.0:8000
2026-03-13 16:56:15,361 - __main__ - INFO - API documentation available at http://0.0.0.0:8000/docs
2026-03-13 16:56:15,362 - __main__ - INFO - UI available at http://0.0.0.0:8000/ui/
2026-03-13 16:56:15,491 - __main__ - INFO - ======================================================================
2026-03-13 16:56:15,492 - __main__ - INFO - TEAM-GRADE INGESTION API - STARTING
2026-03-13 16:56:15,492 - __main__ - INFO - ======================================================================
2026-03-13 16:56:15,492 - __main__ - INFO - [OK] API initialized and ready
2026-03-13 16:56:54,809 - __main__ - INFO - POST /ingest - URL: https://www.youtube.com/watch?v=dQw4w9WgXcQ
2026-03-13 16:56:54,811 - __main__ - INFO - Extracted video_id: dQw4w9WgXcQ
2026-03-13 16:56:55,094 - __main__ - INFO - Queue integrity check - video_exists: False, queue_exists: False, status: None
2026-03-13 16:56:55,094 - __main__ - INFO - [OK] Fresh enqueue: video does not exist yet
2026-03-13 16:56:55,123 - ingest.ingest_worker - INFO - 
============================================================
2026-03-13 16:56:55,124 - ingest.ingest_worker - INFO - Starting ingestion for: https://www.youtube.com/watch?v=dQw4w9WgXcQ
2026-03-13 16:56:55,124 - ingest.ingest_worker - INFO - ============================================================
2026-03-13 16:56:55,124 - ingest.ingest_worker - INFO - Step 1/5: Extracting video ID...
2026-03-13 16:56:55,125 - ingest.ingest_worker - INFO - [OK] Video ID: dQw4w9WgXcQ
2026-03-13 16:56:55,228 - ingest.firestore_client - WARNING - Video metadata not found: dQw4w9WgXcQ
2026-03-13 16:56:55,229 - ingest.ingest_worker - INFO - Step 2/5: Fetching metadata...
2026-03-13 16:56:55,230 - ingest.youtube_downloader - ERROR - Failed to fetch video info: No module named 'yt_dlp'
2026-03-13 16:56:55,230 - ingest.ingest_worker - ERROR - [FAIL] Failed to fetch video metadata
2026-03-13 16:56:55,230 - __main__ - INFO - [OK] Successfully enqueued dQw4w9WgXcQ
2026-03-13 16:58:25,749 - ingest.ingest_worker - INFO - ============================================================
2026-03-13 16:58:25,750 - ingest.ingest_worker - INFO - TEAM-GRADE Ingestion Worker Started
2026-03-13 16:58:25,750 - ingest.ingest_worker - INFO - Log file: logs\ingest.log
2026-03-13 16:58:25,750 - ingest.ingest_worker - INFO - ============================================================
2026-03-13 16:58:25,751 - ingest.youtube_downloader - INFO - Initialized downloader with output dir: raw_videos
2026-03-13 16:58:25,751 - ingest.ingest_worker - INFO - Using credentials file: C:\Users\ricky\OneDrive\Desktop\Team-Grade\TEAM-GRADE\credentials\service-account.json
2026-03-13 16:58:26,446 - ingest.firestore_client - INFO - Initializing Firestore client for project: the-bridge-athletics1
2026-03-13 16:58:26,446 - ingest.firestore_client - INFO - Credentials path: C:\Users\ricky\OneDrive\Desktop\Team-Grade\TEAM-GRADE\credentials\service-account.json
2026-03-13 16:58:26,447 - ingest.firestore_client - INFO - [OK] Found credentials file: C:\Users\ricky\OneDrive\Desktop\Team-Grade\TEAM-GRADE\credentials\service-account.json
2026-03-13 16:58:26,447 - ingest.firestore_client - INFO - [OK] Loaded service account from JSON
2026-03-13 16:58:26,500 - ingest.firestore_client - INFO - [OK] Created service account credentials
2026-03-13 16:58:26,501 - ingest.firestore_client - INFO - [OK] Firestore client initialized for project: the-bridge-athletics1
2026-03-13 16:58:30,317 - ingest.firestore_client - INFO - [OK] Firestore client initialized successfully
2026-03-13 16:58:30,317 - ingest.queue_manager - INFO - Queue manager initialized
2026-03-13 16:58:30,317 - ingest.ingest_worker - INFO - [OK] Firestore initialized
2026-03-13 16:58:30,318 - ingest.ingest_worker - INFO - [OK] Ingestion worker initialized
2026-03-13 16:58:30,318 - ingest.firestore_client - INFO - Initializing Firestore client for project: the-bridge-athletics1
2026-03-13 16:58:30,318 - ingest.firestore_client - INFO - Credentials path: C:\Users\ricky\OneDrive\Desktop\Team-Grade\TEAM-GRADE\credentials\service-account.json
2026-03-13 16:58:30,318 - ingest.firestore_client - INFO - [OK] Found credentials file: C:\Users\ricky\OneDrive\Desktop\Team-Grade\TEAM-GRADE\credentials\service-account.json
2026-03-13 16:58:30,319 - ingest.firestore_client - INFO - [OK] Loaded service account from JSON
2026-03-13 16:58:30,458 - ingest.firestore_client - INFO - [OK] Created service account credentials
2026-03-13 16:58:30,458 - ingest.firestore_client - INFO - [OK] Firestore client initialized for project: the-bridge-athletics1
2026-03-13 16:58:30,914 - ingest.firestore_client - INFO - [OK] Firestore client initialized successfully
2026-03-13 16:58:30,916 - __main__ - INFO - [OK] Ingestion components initialized successfully
2026-03-13 16:58:31,175 - __main__ - INFO - Starting FastAPI server on http://0.0.0.0:8000
2026-03-13 16:58:31,176 - __main__ - INFO - API documentation available at http://0.0.0.0:8000/docs
2026-03-13 16:58:31,176 - __main__ - INFO - UI available at http://0.0.0.0:8000/ui/
2026-03-13 16:58:31,292 - __main__ - INFO - ======================================================================
2026-03-13 16:58:31,293 - __main__ - INFO - TEAM-GRADE INGESTION API - STARTING
2026-03-13 16:58:31,293 - __main__ - INFO - ======================================================================
2026-03-13 16:58:31,293 - __main__ - INFO - [OK] API initialized and ready
2026-03-13 16:59:15,083 - __main__ - INFO - POST /ingest - URL: https://www.youtube.com/watch?v=abcdefg123
2026-03-13 16:59:15,086 - __main__ - INFO - Extracted video_id: abcdefg123
2026-03-13 16:59:15,321 - __main__ - INFO - Queue integrity check - video_exists: False, queue_exists: False, status: None
2026-03-13 16:59:15,321 - __main__ - INFO - [OK] Fresh enqueue: video does not exist yet
2026-03-13 16:59:15,321 - __main__ - INFO - [WORK] Enqueuing job for video_id: abcdefg123
2026-03-13 16:59:15,322 - ingest.ingest_worker - INFO - 
============================================================
2026-03-13 16:59:15,322 - ingest.ingest_worker - INFO - Starting ingestion for: https://www.youtube.com/watch?v=abcdefg123
2026-03-13 16:59:15,322 - ingest.ingest_worker - INFO - ============================================================
2026-03-13 16:59:15,322 - ingest.ingest_worker - INFO - Step 1/5: Extracting video ID...
2026-03-13 16:59:15,323 - ingest.ingest_worker - INFO - [OK] Video ID: abcdefg123
2026-03-13 16:59:15,433 - ingest.firestore_client - WARNING - Video metadata not found: abcdefg123
2026-03-13 16:59:15,434 - ingest.ingest_worker - INFO - Step 2/5: Fetching metadata...
2026-03-13 16:59:15,436 - ingest.youtube_downloader - ERROR - Failed to fetch video info: No module named 'yt_dlp'
2026-03-13 16:59:15,436 - ingest.ingest_worker - ERROR - [FAIL] Failed to fetch video metadata
2026-03-13 16:59:15,437 - __main__ - INFO - [OK] Successfully enqueued abcdefg123
2026-03-13 17:46:32,334 - ingest.ingest_worker - INFO - ============================================================
2026-03-13 17:46:32,336 - ingest.ingest_worker - INFO - TEAM-GRADE Ingestion Worker Started
2026-03-13 17:46:32,337 - ingest.ingest_worker - INFO - Log file: logs\ingest.log
2026-03-13 17:46:32,338 - ingest.ingest_worker - INFO - ============================================================
2026-03-13 17:46:32,339 - ingest.youtube_downloader - INFO - Initialized downloader with output dir: raw_videos
2026-03-13 17:46:32,339 - ingest.ingest_worker - INFO - Using credentials file: C:\Users\ricky\OneDrive\Desktop\Team-Grade\TEAM-GRADE\credentials\service-account.json
2026-03-13 17:46:55,064 - ingest.firestore_client - INFO - Initializing Firestore client for project: the-bridge-athletics1
2026-03-13 17:46:55,066 - ingest.firestore_client - INFO - Credentials path: C:\Users\ricky\OneDrive\Desktop\Team-Grade\TEAM-GRADE\credentials\service-account.json
2026-03-13 17:46:55,069 - ingest.firestore_client - INFO - [OK] Found credentials file: C:\Users\ricky\OneDrive\Desktop\Team-Grade\TEAM-GRADE\credentials\service-account.json
2026-03-13 17:46:55,076 - ingest.firestore_client - INFO - [OK] Loaded service account from JSON
2026-03-13 17:46:55,270 - ingest.firestore_client - INFO - [OK] Created service account credentials
2026-03-13 17:46:55,271 - ingest.firestore_client - INFO - [OK] Firestore client initialized for project: the-bridge-athletics1
2026-03-13 17:46:56,808 - ingest.firestore_client - INFO - [OK] Firestore client initialized successfully
2026-03-13 17:46:56,809 - ingest.queue_manager - INFO - Queue manager initialized
2026-03-13 17:46:56,810 - ingest.ingest_worker - INFO - [OK] Firestore initialized
2026-03-13 17:46:56,810 - ingest.ingest_worker - INFO - [OK] Ingestion worker initialized
2026-03-13 17:46:56,811 - ingest.firestore_client - INFO - Initializing Firestore client for project: the-bridge-athletics1
2026-03-13 17:46:56,811 - ingest.firestore_client - INFO - Credentials path: C:\Users\ricky\OneDrive\Desktop\Team-Grade\TEAM-GRADE\credentials\service-account.json
2026-03-13 17:46:56,812 - ingest.firestore_client - INFO - [OK] Found credentials file: C:\Users\ricky\OneDrive\Desktop\Team-Grade\TEAM-GRADE\credentials\service-account.json
2026-03-13 17:46:56,813 - ingest.firestore_client - INFO - [OK] Loaded service account from JSON
2026-03-13 17:46:56,985 - ingest.firestore_client - INFO - [OK] Created service account credentials
2026-03-13 17:46:56,986 - ingest.firestore_client - INFO - [OK] Firestore client initialized for project: the-bridge-athletics1
2026-03-13 17:46:58,282 - ingest.firestore_client - INFO - [OK] Firestore client initialized successfully
2026-03-13 17:46:58,283 - __main__ - INFO - [OK] Ingestion components initialized successfully
2026-03-13 17:46:58,668 - __main__ - INFO - Starting FastAPI server on http://0.0.0.0:8000
2026-03-13 17:46:58,672 - __main__ - INFO - API documentation available at http://0.0.0.0:8000/docs
2026-03-13 17:46:58,673 - __main__ - INFO - UI available at http://0.0.0.0:8000/ui/
2026-03-13 17:46:58,769 - __main__ - INFO - ======================================================================
2026-03-13 17:46:58,771 - __main__ - INFO - TEAM-GRADE INGESTION API - STARTING
2026-03-13 17:46:58,771 - __main__ - INFO - ======================================================================
2026-03-13 17:46:58,772 - __main__ - INFO - [OK] API initialized and ready
2026-03-13 17:46:58,774 - __main__ - INFO - ======================================================================
2026-03-13 17:46:58,775 - __main__ - INFO - TEAM-GRADE INGESTION API - SHUTTING DOWN
2026-03-13 17:46:58,776 - __main__ - INFO - ======================================================================
2026-03-13 17:56:32,289 - ingest.ingest_worker - INFO - ============================================================
2026-03-13 17:56:32,290 - ingest.ingest_worker - INFO - TEAM-GRADE Ingestion Worker Started
2026-03-13 17:56:32,290 - ingest.ingest_worker - INFO - Log file: logs\ingest.log
2026-03-13 17:56:32,291 - ingest.ingest_worker - INFO - ============================================================
2026-03-13 17:56:32,292 - ingest.youtube_downloader - INFO - Initialized downloader with output dir: raw_videos
2026-03-13 17:56:32,292 - ingest.ingest_worker - INFO - Using credentials file: C:\Users\ricky\OneDrive\Desktop\Team-Grade\TEAM-GRADE\credentials\service-account.json
2026-03-13 17:56:41,879 - ingest.firestore_client - INFO - Initializing Firestore client for project: the-bridge-athletics1
2026-03-13 17:56:41,880 - ingest.firestore_client - INFO - Credentials path: C:\Users\ricky\OneDrive\Desktop\Team-Grade\TEAM-GRADE\credentials\service-account.json
2026-03-13 17:56:41,881 - ingest.firestore_client - INFO - [OK] Found credentials file: C:\Users\ricky\OneDrive\Desktop\Team-Grade\TEAM-GRADE\credentials\service-account.json
2026-03-13 17:56:41,882 - ingest.firestore_client - INFO - [OK] Loaded service account from JSON
2026-03-13 17:56:41,961 - ingest.firestore_client - INFO - [OK] Created service account credentials
2026-03-13 17:56:41,961 - ingest.firestore_client - INFO - [OK] Firestore client initialized for project: the-bridge-athletics1
2026-03-13 17:56:43,148 - ingest.firestore_client - INFO - [OK] Firestore client initialized successfully
2026-03-13 17:56:43,148 - ingest.queue_manager - INFO - Queue manager initialized
2026-03-13 17:56:43,149 - ingest.ingest_worker - INFO - [OK] Firestore initialized
2026-03-13 17:56:43,149 - ingest.ingest_worker - INFO - [OK] Ingestion worker initialized
2026-03-13 17:56:43,149 - ingest.firestore_client - INFO - Initializing Firestore client for project: the-bridge-athletics1
2026-03-13 17:56:43,150 - ingest.firestore_client - INFO - Credentials path: C:\Users\ricky\OneDrive\Desktop\Team-Grade\TEAM-GRADE\credentials\service-account.json
2026-03-13 17:56:43,150 - ingest.firestore_client - INFO - [OK] Found credentials file: C:\Users\ricky\OneDrive\Desktop\Team-Grade\TEAM-GRADE\credentials\service-account.json
2026-03-13 17:56:43,151 - ingest.firestore_client - INFO - [OK] Loaded service account from JSON
2026-03-13 17:56:43,194 - ingest.firestore_client - INFO - [OK] Created service account credentials
2026-03-13 17:56:43,206 - ingest.firestore_client - INFO - [OK] Firestore client initialized for project: the-bridge-athletics1
2026-03-13 17:56:43,859 - ingest.firestore_client - INFO - [OK] Firestore client initialized successfully
2026-03-13 17:56:43,860 - __main__ - INFO - [OK] Ingestion components initialized successfully
2026-03-13 17:56:45,124 - __main__ - INFO - Starting FastAPI server on http://0.0.0.0:8000
2026-03-13 17:56:45,124 - __main__ - INFO - API documentation available at http://0.0.0.0:8000/docs
2026-03-13 17:56:45,125 - __main__ - INFO - UI available at http://0.0.0.0:8000/ui/
2026-03-13 17:56:45,327 - __main__ - INFO - ======================================================================
2026-03-13 17:56:45,328 - __main__ - INFO - TEAM-GRADE INGESTION API - STARTING
2026-03-13 17:56:45,328 - __main__ - INFO - ======================================================================
2026-03-13 17:56:45,328 - __main__ - INFO - [OK] API initialized and ready
